ds,yhat,yhat_lower,yhat_upper
2021-01-01,2686.0152935946608,167.84109375712234,5323.577528498326
2021-01-02,2457.993775729572,-165.06300184756202,5242.113756546154
2021-01-03,2092.8638178281794,-549.563529896626,4837.057955789104
2021-01-04,2099.0279876274926,-710.6957138625631,4928.050897892191
2021-01-05,1958.480278300568,-902.3172730640827,4772.729242241264
2021-01-06,1915.3838694126234,-670.8155371975621,4541.431059798957
2021-01-07,1685.2573162949225,-1166.272770858024,4521.643409084739
2021-01-09,1720.491012269441,-1027.7985956459602,4448.643181074636
2021-01-10,1405.8591424162373,-1181.1150469196798,4495.504869630542
2021-01-11,1468.042835344905,-1178.6808175754845,4234.388947152071
2021-01-12,1388.282601165984,-1330.808387617945,4132.175404798988
2021-01-13,1409.6302061550823,-1354.8289749431242,4156.779356202647
2021-01-14,1246.6192955224192,-1494.26094832559,4109.302923493795
2021-01-16,1419.1736402665101,-1426.0866756021344,4155.043457275385
2021-01-17,1172.6539756290279,-1752.5103881923644,3932.1322320388676
2021-01-18,1300.8608040944341,-1402.614579514434,3997.885446922581
2021-01-19,1284.1461229963766,-1299.0002731600475,3954.0804727639893
2021-01-20,1364.4700057564748,-1381.8738405974195,4041.926172295836
2021-01-21,1255.5581572797357,-1350.4071236721875,4020.5794014634566
2021-01-22,1591.4818894388338,-1123.5638796553897,4437.117165120879
2021-01-23,1518.237415129851,-1086.7602438203453,4262.596332668607
2021-01-24,1306.76289980493,-1264.223006365079,4037.181375409616
2021-01-25,1462.5807747591102,-1307.3991999624739,4010.1364318842366
2021-01-26,1466.0287928966268,-1278.3979278589013,4022.3681584744736
2021-01-27,1558.9468953523738,-1097.1982934537214,4337.955828275094
2021-01-28,1455.3006140933262,-1242.8219298920844,4039.7476115563177
2021-01-29,1789.2346943710556,-833.2388041571542,4679.605394818939
2021-01-30,1707.514053415428,-730.9582004822701,4477.860652394359
2021-01-31,1481.5863977869237,-1122.0107219944625,4260.232484026958
2021-02-01,1617.5308361472348,-1162.8433737207833,4245.448083676003
2021-02-02,1596.7254012655674,-1186.9184053390436,4312.55352923263
2021-02-04,1528.0408873456897,-982.1396927633332,4339.782105915568
2021-02-05,1830.217810282032,-810.5924068521243,4486.334369762424
2021-02-06,1716.5459712089707,-820.9627218190477,4425.807657833566
2021-02-07,1459.4393284257533,-1263.193795498207,4301.209627033408
2021-02-08,1565.821392118007,-1166.5490460180893,4098.533507376302
2021-02-09,1518.2213840431486,-1342.0351641737623,4097.558705237027
2021-02-10,1560.1254981888899,-914.8635386390538,4175.72671485933
2021-02-11,1407.4851929027402,-1438.4774807626045,3983.3057532548582
2021-02-12,1695.6802223865889,-691.6835861586,4381.880061349905
2021-02-13,1573.6550619321267,-1072.712458692707,4311.436345284614
2021-02-14,1314.0556760826648,-1325.2590063598134,3904.6192407497274
2021-02-15,1423.785221210719,-1348.5071780190053,4196.579830965064
2021-02-16,1385.5507610481684,-1505.0569141847332,3980.227143203598
2021-02-18,1310.5494193676607,-1391.5924246895668,4015.44042924396
2021-02-19,1624.1346765834362,-914.8253001735028,4184.386598287678
2021-02-20,1531.9288799419255,-1420.751996098109,4151.259055656757
2021-02-21,1305.7041425683847,-1459.4285997860145,4060.2714515714074
2021-02-22,1451.2993662203369,-1310.1240369650473,4152.56802453795
2021-02-24,1545.853499275148,-1041.825422960376,4362.932022465691
2021-02-25,1451.6859280990498,-1335.8665959272423,4162.102313969197
2021-02-26,1801.5126186510117,-909.8574905354653,4498.538726057967
2021-02-27,1743.227789928906,-894.7592985688932,4377.163818418135
2021-02-28,1547.5463919738772,-1166.046971485644,4258.570549494233
2021-03-01,1719.2501510603217,-922.765458808744,4618.938698235745
2021-03-02,1739.6923738352064,-820.3613049839352,4517.090964062672
2021-03-03,1850.2628815096573,-793.5199537967421,4669.193033348629
2021-03-04,1765.343838108343,-1116.5961130108817,4387.924876134697
2021-03-05,2117.757128740538,-523.8011137156641,4749.27677932277
2021-03-06,2055.5611248143287,-592.1923133575295,4676.8001854346685
2021-03-07,1849.4096517086912,-957.5056332092588,4353.642377522426
2021-03-08,2004.1201857502497,-662.9973973634507,4725.954414400574
2021-03-09,2001.6293715294703,-725.1409048301549,4700.231376061641
2021-03-10,2083.8041762250914,-817.8097856748813,4696.4765322984895
2021-03-11,1965.8496803081557,-651.058563517756,4769.588624605439
2021-03-12,2281.2159212103616,-235.20933540136605,5087.883556829502
2021-03-13,2179.242265366447,-576.9058963100821,4831.720215012341
2021-03-14,1931.5484342616662,-554.7862298291569,4606.1367519850155
2021-03-15,2043.896460524439,-616.5475546930646,4799.07279054986
2021-03-16,1999.5714943420778,-315.3841282108712,4943.287873530023
2021-03-17,2041.5174243713511,-661.7686725594039,4809.72258599714
2021-03-18,1886.1791550569887,-985.5945990824572,4631.514053475058
2021-03-19,2167.8562128285857,-538.1023536003244,4917.57903948296
2021-03-20,2037.187164246626,-534.7355561260995,4748.375257216814
2021-03-21,1766.570514267102,-1090.1743963344406,4611.151446429358
2021-03-22,1862.3236982809926,-969.9611730991736,4579.363665278056
2021-03-23,1808.4978589022774,-669.849458858338,4440.718812429485
2021-03-24,1848.3518143623298,-979.4626723244949,4601.468602638878
2021-03-25,1698.6475568505577,-1048.0468250402491,4531.779785107997
2021-03-26,1993.473730505246,-731.0233291963464,4667.091455000256
2021-03-27,1883.5969810664737,-816.2387691456826,4608.430117492553
2021-03-28,1640.9426849133051,-993.1301687956388,4487.508708260433
2021-03-29,1771.0832202744862,-1012.6217621279826,4358.480284071671
2021-03-30,1757.5203894780684,-940.3431194710289,4592.081496488198
2021-03-31,1842.5319476183129,-877.1981880174059,4643.512766216109
2021-04-01,1741.9541612078042,-1055.4193834119285,4505.745935136568
2021-04-02,2088.50772016633,-590.9689739183802,4751.788951600788
2021-04-03,2032.046432883259,-664.1734001226638,4787.805663094133
2021-04-04,1843.125236472935,-751.397904045483,4483.375099251776
2021-04-05,2025.841497765691,-763.831489058049,4642.577734191404
2021-04-06,2062.604492537694,-750.1053511664174,4726.642702571716
2021-04-07,2194.3690475242915,-405.36043427237024,4852.23369822391
2021-04-09,2518.676645308828,-269.9632364564032,5223.16849744744
2021-04-10,2491.8923722129207,-200.1541596562928,5282.178945145892
2021-04-11,2325.247201920993,-380.79996656919405,4978.442345432366
2021-04-12,2522.0571084509183,-132.52637057558258,5311.081017188373
2021-04-13,2564.507296414628,-101.8499195923004,5366.572366949063
2021-04-14,2693.250706307913,-214.49254908387562,5480.696723865491
2021-04-15,2623.1571139435982,-37.9238662379654,5431.344618721834
2021-04-16,2985.6221062082013,457.1704997610988,5636.923686764478
2021-04-17,2930.5750187650865,389.05185344172037,5969.6767822669135
2021-04-18,2728.173382414063,195.81890488243985,5505.465774002955
2021-04-19,2882.2907620955675,255.9986244662375,5732.479276098756
2021-04-20,2876.191038868136,-54.22392406546977,5625.216464044576
2021-04-21,2951.459036486178,421.086127260774,5488.29344282592
2021-04-22,2824.189056629522,91.66623482546088,5371.535643457736
2021-04-23,3126.742749489635,288.58352767386896,5666.609996145876
2021-04-24,3010.5963579476797,215.56404645045794,5869.565311389606
2021-04-25,2747.061449270686,22.87423200097688,5306.72209504666
2021-04-26,2841.063432839834,161.3903162415709,5853.142236615142
2021-04-27,2777.240835158009,4.700406238751851,5415.355905885781
2021-04-28,2798.2028868338393,190.39521976904504,5404.596478624398
2021-04-29,2621.1577389974877,-53.43167741855976,5340.271907663491
2021-05-01,2724.632176365674,-204.3104742445057,5396.053513492709
2021-05-02,2429.478981382699,-360.2267304887086,5013.921163337355
2021-05-03,2498.824717635461,-162.7622361457685,5154.228664635364
2021-05-04,2417.7370760791005,-307.85281492214835,5245.55291789913
2021-05-05,2428.8032516681646,-243.97755687215476,5366.657392061924
2021-05-06,2249.2268885173626,-256.27037721644746,5028.800418740394
2021-05-07,2511.525469164898,46.51784837557073,5287.795947086548
2021-05-08,2368.108835157367,-343.0936561340009,4904.74796271776
2021-05-09,2090.1145405675716,-495.560885608595,4895.53429586544
2021-05-10,2181.8373734772454,-522.4448375478614,4941.1273857329115
2021-05-11,2127.7538718259852,-458.92292810157267,4819.40522408424
2021-05-12,2169.512570341253,-501.1813471004392,4909.601919164807
2021-05-13,2023.5216018312933,-646.1803054058151,4469.791713051313
2021-05-14,2321.1491387469027,-423.11431829975163,4979.51351482541
2021-05-15,2214.1968045780927,-474.50596816120054,5058.065466545279
2021-05-17,2100.285924554602,-627.8999238197439,4905.6895442325085
2021-05-18,2080.505966923867,-456.14521339539516,4915.388710705223
2021-05-19,2154.3672206361866,-608.3802537952191,4783.955580105821
2021-05-20,2037.8165872128302,-505.53279178384633,4685.50586896343
2021-05-21,2361.5466406700098,-478.89464635374463,4957.202099096242
2021-05-22,2277.345764353863,-382.88855995335194,5098.86658959801
2021-05-23,2055.075709024406,-775.2122615122704,4644.53279239081
2021-05-24,2197.766385609142,-696.7396107477541,5011.775573308877
2021-05-25,2189.5664046476854,-541.4702300062763,4895.070651535496
2021-05-26,2271.4534986491108,-409.5856122015227,4968.855647107506
2021-05-27,2159.7563540321134,-438.60552391104557,5057.156293379193
2021-05-28,2485.306262725481,-233.81877139025957,5088.526653946484
2021-05-29,2400.6393437967263,-359.22953838194985,5106.417530020439
2021-05-30,2176.0120411136745,-512.9928215322792,5031.708297528469
2021-05-31,2314.7969405324775,-268.46640812471736,5043.790889425964
2021-06-01,2301.8671969082047,-548.9780496694967,5042.248855366677
2021-06-03,2262.0501442590403,-305.3687139868842,4955.389085584568
2021-06-04,2583.1476609095075,-162.0521453399929,5284.453466508638
2021-06-05,2495.1652603498205,-100.01120040149985,5229.431570799238
2021-06-06,2268.5703666296304,-359.5120099610723,5030.039214315387
2021-06-07,2406.7723598333705,-66.9745067223351,5070.176877516566
2021-06-08,2394.9539367106045,-232.60712308763547,5082.639202501146
2021-06-10,2362.2631169398896,-233.09601508178355,5040.483879993522
2021-06-11,2688.9875001874066,110.60836456879282,5463.776017270509
2021-06-12,2607.906436910866,-50.702707673017294,5388.082639357094
2021-06-13,2389.0344015752676,-365.45101625529577,5082.867017271603
2021-06-14,2535.1741955467014,-98.79636690300079,5344.282006894467
2021-06-15,2531.218894522941,-184.12152404745567,5189.40013720825
2021-06-16,2617.9204505226476,-62.28722269475462,5293.635360158424
2021-06-17,2511.806771567257,36.935782615256514,5276.806132291903
2021-06-18,2842.770029344667,142.08869016124765,5358.204580256934
2021-06-19,2763.8873239773975,-37.36705615923384,5421.193444639889
2021-06-20,2544.6233481132035,-126.3395357797269,5225.73189212273
2021-06-21,2687.2113282204896,-65.58816842927828,5116.425826510914
2021-06-22,2676.4271587603994,-6.890323892184014,5317.660039342525
2021-06-23,2752.7281915611848,-374.5275326326456,5380.775250521039
2021-06-25,2945.8708617090515,268.2007214076609,5642.902121483487
2021-06-26,2845.9269235667844,3.661255374593133,5624.8237692061975
2021-06-27,2602.4532209315357,5.890840509720044,5378.207626217412
2021-06-28,2717.8932980956547,45.7757709482681,5491.24665070416
2021-06-29,2677.719457991633,-197.58768457902698,5499.5543119897675
2021-06-30,2722.916099357997,185.77662077006232,5378.098861402477
2021-07-01,2570.825726185191,-143.52126218462524,5454.329563982692
2021-07-02,2851.683165781918,229.59737994497527,5442.944601443934
2021-07-03,2720.1596042575406,178.4641053842323,5504.041217944772
2021-07-04,2446.6579293436703,-480.37324290755413,5254.977539976299
2021-07-05,2534.309353362502,-180.489382516796,4947.122836499827
2021-07-06,2469.6251452281927,-228.00620190593145,5133.30936209446
2021-07-07,2494.3095347183944,-165.9166678526339,5305.03229009484
2021-07-08,2326.5461458625946,-328.01447128492606,4865.719557273725
2021-07-11,2189.7020604670993,-347.7942325060591,4997.908854425941
2021-07-12,2285.8743486562485,-555.2856266472409,5022.462274054625
2021-07-13,2236.4368069447164,-487.98241145134944,4979.044427547835
2021-07-14,2282.9201103573555,-653.10802487793,4914.912498149762
2021-07-15,2143.351483892924,-703.2527115487158,4709.092293705426
2021-07-16,2447.720912449272,-372.4283736724715,5132.890147012618
2021-07-17,2351.2478539245576,-315.73182415754735,4831.66354080772
2021-07-18,2123.7820868335616,-502.85856041820404,4983.566841325312
2021-07-19,2267.442252975178,-533.2651362725394,4863.26150380046
2021-07-20,2268.1843425487637,-315.7729274535684,4909.812232413324
2021-07-21,2366.339910544237,-203.35835950697316,5104.533498327124
2021-07-22,2278.856174022776,-310.4877325434942,5102.220220244026
2021-07-23,2634.268122250833,-12.943471198238798,5327.636323690256
2021-07-24,2586.864839018076,-83.81433734015914,5390.611188164654
2021-07-25,2405.1786483974065,-144.30657777201898,5314.278490231849
2021-07-26,2589.9764063355283,-110.58766134615198,5351.258717183947
2021-07-27,2626.3134590342706,-67.51711920998166,5249.040849321607
2021-07-28,2753.4561030969094,71.01802257133717,5353.565827092568
2021-07-29,2687.613919574918,8.440849996293258,5342.511828162719
2021-07-30,3056.4128113732745,408.54640973417025,5766.423610070216
2021-07-31,3013.9504559499287,164.7803792608224,5432.590685224011
2021-08-01,2828.3579835580945,195.30561338052053,5654.850269753702
2021-08-02,3000.123330994387,423.961661907284,5698.762797823877
2021-08-03,3014.6055685559068,81.87488251737682,5960.8841733104955
2021-08-04,3111.312708993568,259.20268229783744,5705.379086675641
2021-08-05,3007.0943286810602,172.902592468347,5689.078268725455
2021-08-06,3330.0813518523423,548.0582484381559,5903.193174337095
2021-08-07,3235.5951126271866,553.637198272407,5877.083152428279
2021-08-08,2992.745636453759,288.2580408739372,5850.901750534686
2021-08-09,3103.0516679528623,446.9582751097743,5943.520807179945
2021-08-10,3053.3814602578855,434.12017833818373,5688.723621035932
2021-08-11,3084.554414780114,270.68539863502,5629.2317265864585
2021-08-12,2914.965706911549,305.0420915449295,5411.853057436894
2021-08-13,3173.9685348939292,312.0700923416723,5715.983375004851
2021-08-14,3018.617171126811,571.138920547604,5804.468314082127
2021-08-15,2719.287429336166,-15.551672302699913,5406.350478953654
2021-08-16,2778.5845557335915,-53.40008483128874,5509.917504960816
2021-08-17,2684.7075334016663,14.23349906235126,5413.728393367256
2021-08-18,2679.377570990307,-59.63671913429799,5282.491588661654
2021-08-19,2481.9036610300664,-195.41459383352773,5346.239351427801
2021-08-20,2722.021919575491,-5.487624205994689,5407.881350928712
2021-08-21,2557.492588329417,-103.8196238388384,5290.167117494461
2021-08-22,2258.7674806181576,-529.8473150807246,4827.6426345102245
2021-08-23,2328.21472888619,-458.1786044128015,5166.607217603378
2021-08-24,2253.939054933041,-550.02051131244,4894.372884097348
2021-08-25,2277.072180730081,-519.5897461713333,4853.381579039927
2021-08-26,2116.316116235529,-560.9501882737858,4895.531880254552
2021-08-27,2400.2771603289793,-48.37858417944137,5234.703812165024
2021-08-28,2285.9542308751184,-454.7354799857044,4965.671934548266
2021-08-29,2042.489516985718,-688.6376146343504,4658.782704745396
2021-08-30,2170.7442279365646,-439.61551993421784,4965.7536639268155
2021-08-31,2157.6060188725114,-585.8613195416924,4859.118607166766
2021-09-01,2242.6687731030124,-415.6266842787718,4860.12500813062
2021-09-02,2143.2766209594724,-694.5329901794721,4957.914491099076
2021-09-03,2486.370593289079,-184.90670928386544,5119.248566692603
2021-09-04,2427.8808082374762,-330.016452233931,5069.932223589225
2021-09-05,2235.5671032391624,-435.97313797131267,5065.5583117496535
2021-09-06,2408.9466488059993,-302.5180256121958,4913.09723722502
2021-09-07,2434.0834922487734,-326.4231915653159,5411.232972585526
2021-09-08,2549.646928492098,-147.23747161276043,5268.246872080017
2021-09-09,2472.440030633062,-3.834091220395135,5147.800984536839
2021-09-10,2828.737741579544,234.86275603224834,5497.054569712155
2021-09-11,2774.557280799147,123.08690450210368,5570.471038714713
2021-09-12,2577.5593777075082,-73.78055191946521,5415.7011998204225
2021-09-13,2737.295403184772,10.928146960757463,5518.9347710387765
2021-09-14,2740.4445585442622,134.27164526599455,5432.870324663775
2021-09-15,2826.215127589293,51.06905760017465,5525.411377231032
2021-09-16,2712.3214920994924,-180.93153260820205,5362.798654336315
2021-09-17,3025.778230270101,320.51508751015734,5735.506730372083
2021-09-18,2924.014798189375,147.429434076229,5699.209852899404
2021-09-19,2675.8057489954294,99.15612297871054,5317.500435676243
2021-09-21,2730.2252995431672,17.351475798576473,5460.354528348286
2021-09-22,2761.5233038752062,74.45260962104393,5596.826262040733
2021-09-23,2594.8482685017257,-18.815161088611816,5217.748890852195
2021-09-24,2858.2624489946393,36.90553127549838,5482.398860092084
2021-09-25,2710.6989372388866,71.63213055672094,5455.520751302689
2021-09-26,2421.9212909040016,-373.90942323728717,4975.857234753517
2021-09-27,2493.358432594761,-162.26082430480085,5291.501260442644
2021-09-28,2414.1985529419608,-262.85236641716784,5271.218010066705
2021-09-29,2425.4510542878006,-276.4157911366956,5098.511710053715
2021-09-30,2246.8094297912176,-648.4491320384386,4851.478741778268
2021-10-01,2506.3603305097863,-213.6266765878027,4987.794080167451
2021-10-02,2363.4035494394398,-408.8966983067637,5107.5335864664385
2021-10-03,2087.4701522300893,-793.6960357724219,4667.404828702641
2021-10-04,2179.4848164387035,-611.4554109851033,5101.09091618505
2021-10-05,2128.324995498221,-639.2358709840681,4824.143471743094
2021-10-06,2174.25248478777,-595.5515722633899,4884.4622803025295
2021-10-07,2036.2598642855146,-796.1202727184815,4572.729273589562
2021-10-08,2341.2780034687803,-273.9053729505351,4970.384059279668
2021-10-09,2247.8889518479414,-423.6035933146546,4822.817689715757
2021-10-10,2024.4265957111613,-587.0769786813399,4884.160417564678
2021-10-11,2170.487065019256,-484.2547492620461,4792.049626786871
2021-10-12,2173.969950235864,-632.9597201063096,4664.520226431286
2021-10-13,2273.892114999058,-508.30309808626043,4964.658089837212
2021-10-14,2188.225945259955,-690.2412860870771,4801.330533788458
2021-10-15,2542.6090518460915,-226.20802759336073,5355.380920903213
2021-10-16,2494.9493636260268,-171.99444454245494,5094.628588798817
2021-10-17,2312.603271670292,-353.9068195940231,4971.893747906472
2021-10-18,2494.224969845267,-165.03583815132967,5183.311496790054
2021-10-19,2527.2768294933458,-346.9072195779465,5249.695582398401
2021-10-20,2650.209222943024,-113.86755855443873,5250.767326790223
2021-10-21,2580.7714996311543,-228.0866949813514,5251.527700774173
2021-10-22,2944.202512861067,154.49740892952536,5568.606414654655
2021-10-23,2898.7048437658427,-98.51436365066417,5559.781567480712
2021-10-24,2711.676277485375,35.69913252459103,5272.335590271205
2021-10-25,2881.873466489751,110.5370625997704,5713.146137984386
2021-10-26,2897.367010953979,228.31744464005905,5650.202079055774
2021-10-27,2997.0635904781566,339.73467933205217,5734.137717073951
2021-10-28,2899.4672642809587,174.03084707653113,5757.597333510134
2021-10-29,3230.330215890486,513.564709789888,5671.036903373901
2021-10-30,3148.9777305948865,455.75946628835595,5845.9533962998285
2021-10-31,2923.577213896439,276.32207135600584,5615.173181555488
2021-11-02,3028.227541825075,283.15653132143956,5647.725215616961
2021-11-03,3087.176616650626,502.41784787148293,5702.010937633506
2021-11-04,2949.939978212274,257.745080611137,5707.727970066744
2021-11-05,3242.88067034448,388.8541673273287,5991.868977834968
2021-11-06,3126.4136218054505,419.7939156021578,5988.791106900026
2021-11-07,2869.3176011362525,-8.640493733189494,5602.485962840259
2021-11-08,2971.509588167169,581.5631163057469,5793.255561625864
2021-11-09,2922.879646212576,59.1952419112974,5661.035793719703
2021-11-10,2963.496226569647,29.523684935124805,5531.716063997544
2021-11-11,2813.274509634536,-124.04357057274689,5509.835339582686
2021-11-12,3098.5612958042398,238.58302546793936,5825.466517342406
2021-11-13,2980.181842493001,193.12243733947292,5689.989863008144
2021-11-14,2726.810156476637,75.12928386289376,5376.891604659163
2021-11-16,2803.819428074013,262.15485283380247,5322.295855039042
2021-11-17,2863.738028140317,-22.666288202707243,5771.092601326779
2021-11-19,3050.596832518733,430.64963055021286,5785.965563425432
2021-11-20,2963.778100508025,204.28129550964536,5870.935128658648
2021-11-21,2744.9720231808838,112.05388191080301,5527.008154987935
2021-11-22,2892.9749592012977,42.27172495070199,5684.94931267512
2021-11-23,2897.159999983601,191.61926586477747,5512.062428012669
2021-11-24,2996.4098763729244,112.49009831646077,5511.530499074802
2021-11-25,2909.7347322702103,230.23073553308066,5577.3147137558735
2021-11-26,3261.8307971291892,598.2379349847962,5919.053113139124
2021-11-28,3030.080843140916,306.41297434281427,5685.891006878843
2021-11-29,3211.355959194111,467.71585539846717,6148.7020738946585
2021-11-30,3245.629198925683,433.61423187470103,5971.888446990946
2021-12-01,3371.0945614712305,576.7883100587549,5948.344377347675
2021-12-02,3306.311942870647,688.8069670778762,6095.3276659753465
2021-12-03,3675.249612587223,922.3079237495397,6467.1723661350925
2021-12-04,3637.9643804177354,723.6320874747532,6515.55819108981
2021-12-05,3461.1679876300554,699.7225102668195,6186.684904397493
2021-12-06,3642.3144421475104,871.39978317651,6189.6513577962205
2021-12-07,3670.282414963579,784.0170883407518,6470.799961107782
2021-12-08,3783.029719788594,1102.698397399043,6468.816109404639
2021-12-09,3699.1521390886496,785.0803686564172,6560.298708750797
2021-12-10,4042.4054819324265,1236.196074124057,6635.838886001593
2021-12-11,3973.256596318204,1314.487827659376,6528.30588507374
2021-12-12,3758.507585359908,1005.4098152360638,6526.824471921264
2021-12-14,3874.273396085489,1307.9442324704933,6521.523578439339
2021-12-15,3932.528381539849,1190.9529841169394,6905.845323242443
2021-12-16,3789.6925147498882,1107.0734316985247,6568.755461899194
2021-12-17,4069.893152730832,1395.85746083664,6795.9992526056385
2021-12-18,3934.5767836405007,1111.358910780736,6440.991859639721
2021-12-19,3651.1835949199103,997.8695589734048,6354.292332339487
2021-12-20,3717.8695374803247,886.3674865403882,6271.329829896827
2021-12-21,3625.088164529494,862.2663063372944,6318.407073380623
2021-12-22,3611.942982689186,883.2779539504064,6194.1940231155795
2021-12-23,3398.6626073707776,788.7657000945135,6061.543754999248
2021-12-24,3610.0605327291896,793.784520145956,6528.015777901647
2021-12-25,3408.805679192543,487.8164615280637,6005.179290412873
2021-12-28,2926.568652771518,235.67703547091136,5830.477249635786
2021-12-29,2866.910535699668,67.27318528795472,5489.163359604005
2021-12-30,2613.953412760677,-54.90149071280302,5023.832436584764
2021-12-31,2792.883945266352,-133.32361193770802,5468.902282613687
2022-01-01,2567.1798574050463,-38.24477567368907,5152.4129683948395
2022-01-02,2205.3725094327383,-594.3531262228354,4804.815361073283
2022-01-03,2206.3867886404123,-533.8771145986952,4759.058187973638
2022-01-04,2062.0093898985497,-616.9297972828649,4924.824094498089
2022-01-06,1777.1320631014587,-922.7627510566869,4312.6289957456565
2022-01-07,1982.2869347672372,-719.1071701298332,4692.934790781018
2022-01-08,1790.757426485738,-885.9500694642275,4488.777519415072
2022-01-09,1470.4196358016122,-1005.0884068377941,4208.616332830119
2022-01-10,1519.3325806094224,-1274.6694802892746,4123.980049974042
2022-01-11,1428.6719626868492,-1243.0926021064934,4054.2642563723066
2022-01-12,1437.1404078319267,-1154.7296488085601,4196.819303014284
2022-01-13,1264.8368703816502,-1410.5359324879394,4031.8894013882223
2022-01-14,1535.1515865609092,-1219.1397226818406,4304.481428270682
2022-01-15,1410.6534026286454,-1411.2558624246772,4068.6590771843858
2022-01-16,1157.99276319335,-1728.1955441355763,3714.693254219323
2022-01-17,1273.9146046144408,-1496.6570259409968,4107.864437445117
2022-01-18,1248.669904824578,-1468.8841709827414,4041.1134090971364
2022-01-19,1319.8040535881594,-1522.154227380721,4160.424670188052
2022-01-20,1206.5142067260226,-1445.8824124287876,3979.9719354149993
2022-01-21,1531.0429146791034,-1250.177437751503,4209.195756727916
2022-01-22,1455.454490480873,-1302.4025873882756,4159.1332865155055
2022-01-23,1245.6126813102476,-1515.4144302676896,3971.732494344543
2022-01-24,1397.5299990889162,-1473.3402942932291,4191.147824799924
2022-01-25,1401.2461657018414,-1461.8370221622579,4130.277590559799
2022-01-26,1493.9803690209048,-1136.8034899708302,4077.6888799862127
2022-01-27,1394.9592324329226,-1465.7828036550602,3961.7814634831357
2022-01-28,1726.289048200068,-846.7478023076579,4459.554763152779
2022-01-29,1650.598815046064,-1008.9756642571028,4584.220655470415
2022-01-30,1434.0684285413597,-1276.5920700385198,4120.427370235105
2022-01-31,1573.0890583527537,-1227.6115733264191,4285.895911156071
2022-02-01,1558.5824856554925,-1128.707650701548,4129.498047156756
2022-02-02,1628.4912734872405,-1013.5292169106219,4427.632827784012
2022-02-03,1503.0520706102916,-1255.3452484752502,4109.363762482644
2022-02-05,1698.6689825104268,-1093.8763443956736,4343.52211795729
2022-02-06,1450.8259216649742,-1087.0146047850892,3971.6988683811564
2022-02-07,1558.8510053932787,-1130.8634204052419,4139.368470369626
2022-02-08,1514.872679794458,-1105.4537206239918,4213.892251985034
2022-02-09,1557.7095287420645,-1208.1656328560287,4348.084370020004
2022-02-11,1690.9061398085742,-1025.2514443051225,4351.144530877699
2022-02-12,1569.6060891444693,-1087.8079405136946,4193.335191316483
2022-02-13,1312.2378432450546,-1420.1083276247928,4029.856437576748
2022-02-14,1416.2401229847437,-1180.8007240177183,4034.1611300294117
2022-02-15,1374.1296827888639,-1333.0702295030812,4004.5705145797056
2022-02-16,1424.6705572995943,-1031.2343264889303,3997.496657161528
2022-02-17,1289.052854092255,-1578.7315481094313,3948.8959266948677
2022-02-18,1590.155154799403,-1306.0114133414495,4153.253100819572
2022-02-19,1492.758657483655,-1157.464257171761,4028.2684474150046
2022-02-20,1263.715719024105,-1388.984426267386,3922.8465178934575
2022-02-21,1399.550381766875,-1306.9017683041002,4031.8615576579928
2022-02-22,1392.1256604613823,-1385.705643386658,4339.475851244108
2022-02-23,1479.1905675468386,-1075.5789126284258,4360.599036542477
2022-02-24,1381.0494749224488,-1131.2027003876976,4177.2193325867365
2022-02-25,1719.3286720181961,-809.3770314895196,4514.045292186386
2022-02-26,1658.0877201102908,-1145.7353534705126,4325.738920446029
2022-02-27,1463.073305692664,-1173.6906216021118,4339.417033790403
2022-02-28,1629.6690007918307,-992.2385056213591,4305.897362266265
2022-03-01,1649.0440740205738,-1236.0489595688134,4348.0624823391645
2022-03-02,1758.0804881618742,-807.7765844556981,4405.714944502667
2022-03-03,1676.5300135766051,-1113.2626312552973,4406.134877366465
2022-03-04,2025.2771499948224,-539.1834221219111,4584.991346721116
2022-03-05,1968.3350907256715,-716.7030862181958,4746.030722112811
2022-03-06,1771.167777999962,-852.3109076224157,4607.964568970223
2022-03-07,1928.9677020604895,-890.5612562982769,4699.973546452731
2022-03-08,1933.2614942412133,-762.0438207919426,4726.596759155957
2022-03-09,2021.1892446386664,-526.770954976183,4767.820373079684
2022-03-10,1913.1195251466618,-793.542148755245,4504.010668007932
2022-03-11,2230.3774297309287,-547.177866606065,4946.044707389945
2022-03-12,2138.0933279039114,-460.76321763655545,4858.484101252361
2022-03-13,1902.5615786382864,-903.6488725214332,4414.787581974155
2022-03-14,2019.815949866997,-916.9767949346141,4637.058011007232
2022-03-15,1982.6635257663463,-617.4002166462952,4794.184448787055
2022-03-16,2029.2906055046737,-885.6342440248134,4514.191213578192
2022-03-17,1881.3133337440088,-745.09246491683,4547.260083923346
2022-03-18,2160.9526152105072,-745.8720504234752,4696.410892582692
2022-03-19,2034.7219858680446,-816.5483406085717,4894.068371716847
2022-03-20,1769.8142806962733,-932.9449071047809,4435.804073104632
2022-03-21,1862.9711980398774,-748.5146774194124,4737.507623379826
2022-03-22,1807.9473971890236,-677.1145178590185,4457.194945354361
2022-03-23,1843.4501845787097,-911.3552537140257,4722.253094722631
2022-03-24,1691.6381229746767,-1272.8174957250783,4488.173865309398
2022-03-25,1974.7600508127255,-736.7278621034156,4704.809912165898
2022-03-26,1859.7037226155458,-1105.615494727814,4532.542843478792
2022-03-27,1613.4359439117125,-1014.6202115408654,4306.648199243812
2022-03-28,1732.1949897027287,-947.493051097198,4425.605488837539
2022-03-29,1709.416043021377,-1149.4913733238354,4344.585804232993
2022-03-30,1783.0374377429252,-929.4031501748965,4641.569331065932
2022-03-31,1674.4807647339317,-995.5818942822906,4242.585540311884
2022-04-01,2004.78737127057,-544.1532583163622,4779.215514093374
2022-04-02,1940.0601123894542,-769.3584177307581,4895.361874257206
2022-04-04,1917.386184980631,-650.4583473727406,4715.11318530708
2022-04-05,1946.613046663381,-668.4754637992824,4774.288542696151
2022-04-06,2070.2571143323553,-466.42463081825963,4824.593377885756
2022-04-07,2008.6171991370488,-599.6883804234675,4829.14068783442
2022-04-08,2381.3462102849044,-190.9559763240405,5094.038375547001
2022-04-09,2353.7911086704426,-327.5346729488646,5065.843515576004
2022-04-11,2385.612191541894,-325.6459147896215,5255.540330296795
2022-04-12,2430.7389905633236,-313.973723431625,5269.010444220589
2022-04-13,2562.031867911827,-95.60914951288004,5213.231534213459
2022-04-14,2499.633466261723,-225.6457884885915,5278.200612018121
2022-04-15,2862.9056252877735,-8.895287480502981,5461.894422592224
2022-04-16,2817.639406418846,94.9665118276026,5392.241565751052
2022-04-17,2628.715452591333,-170.79811013067362,5428.685837058288
2022-04-18,2790.303937604793,103.95296757606683,5477.7717839257575
2022-04-19,2795.1910999528236,142.86764024661346,5631.200071189797
2022-04-20,2880.179875812571,159.94493353336875,5590.919989238022
2022-04-21,2766.4870010917957,26.192753329127676,5512.01371979225
2022-04-22,3074.322976703506,523.1873700317642,5823.016524825367
2022-04-23,2970.9439996296464,360.6075956045522,5726.599682708265
2022-04-24,2722.3402590124774,46.97421043093684,5623.016559619652
2022-04-25,2823.727203128689,-102.790896374772,5513.540290222223
2022-04-26,2769.2966938001123,-50.01907522044717,5356.80273504473
2022-04-27,2796.9432477604228,45.26442609304066,5417.317072575959
2022-04-30,2738.4018965253676,-48.41136627752138,5357.504856061247
2022-05-01,2450.675048226921,-212.25139359953963,5214.824169844606
2022-05-02,2519.229237542757,-248.13894519289224,5242.629833585221
2022-05-04,2447.758874786203,-154.53455899038087,4964.079187771003
2022-05-05,2268.463834298377,-572.1281200632959,5057.549228029972
2022-05-06,2521.7168740404686,-35.08230049116409,5052.18888015899
2022-05-07,2376.064324974506,-273.78736797745665,5048.387195265899
2022-05-08,2097.684841107665,-662.9525431017241,4786.09795922777
2022-05-09,2181.522034121523,-593.0044054010036,4883.558451228008
2022-05-10,2121.9515126327738,-615.4329667528322,4705.738851061263
2022-05-11,2156.230987959753,-501.7985608530783,4939.65550597579
2022-05-12,2006.2860939011757,-665.6702480651849,4523.600378810265
2022-05-13,2291.7227220470995,-287.0179037591392,5101.5640472837495
2022-05-14,2180.4952744141106,-591.0831006710092,4784.451330679578
2022-05-15,1937.7822151537443,-712.1977107413509,4711.304185125843
2022-05-16,2057.4646179581687,-708.5753183984175,4565.059040087866
2022-05-17,2033.271201742205,-519.5057319716403,4733.102375653293
2022-05-18,2101.6047613887495,-594.6432430103041,4827.897104176513
2022-05-19,1983.8120713094863,-715.5490083544702,4803.030126005259
2022-05-20,2298.6890294891905,-397.74992918894674,5079.10783361442
2022-05-21,2214.03021283025,-689.4377763285025,5112.76685702554
2022-05-22,1994.569735973588,-578.6128476918274,4960.342454006239
2022-05-23,2133.785506303553,-417.44257801602856,4925.863273565571
2022-05-24,2125.499439382515,-609.9488707868029,4949.192149127782
2022-05-25,2206.0554962834435,-486.69072385373795,4930.899252478583
2022-05-26,2097.04780962483,-444.77015415764515,4808.9776745342215
2022-05-27,2417.2924173351817,-178.8762220717742,5114.377604488451
2022-05-28,2335.232332619042,-221.1777664243101,5097.112955366658
2022-05-29,2115.91912145251,-560.0392149755038,4930.990206482916
2022-05-30,2253.120202839531,-467.4121696140212,4898.923043297982
2022-05-31,2241.3541706044134,-461.32104809366774,4785.223112039025
2022-06-01,2317.403533421761,-284.5786913812234,5134.393827432354
2022-06-02,2203.4878077951275,-574.2418170691703,5001.051851248718
2022-06-04,2432.225240858828,-341.3707196853472,5004.481381361186
2022-06-05,2209.436425135094,-633.739553236058,4801.118375624012
2022-06-06,2344.234364299564,-289.94344857246045,5091.029757797816
2022-06-07,2331.5631397728157,-353.63330908468737,5181.109300591559
2022-06-08,2408.2620281096565,-270.9925835046051,5172.770163058184
2022-06-09,2296.6989626308896,-250.94844676024024,5096.908092204066
2022-06-11,2534.553281309282,-364.51060328754875,5440.091423620483
2022-06-12,2318.339502583053,-425.7521274326375,5135.412477692343
2022-06-13,2460.4303901428516,-284.65442289010565,5101.930923371666
2022-06-14,2455.5570875462963,-134.64329027907823,5369.216409159362
2022-06-15,2540.014891759197,-58.541911358612104,5295.281156530415
2022-06-16,2435.779299560905,-321.37639374444836,5195.992538098164
2022-06-17,2760.9069269780925,119.03445039171966,5502.161189779938
2022-06-18,2684.551578184394,71.42177510233164,5404.726869563892
2022-06-19,2471.1259230345368,-189.88500644254748,5255.09001458691
2022-06-20,2613.387366692178,77.49460961916792,5425.538268390113
2022-06-21,2605.8572908575757,44.58129092497272,5459.031431550027
2022-06-22,2684.4230718577887,-60.43439234371631,5477.098475591964
2022-06-23,2570.9350002576225,-157.86658746562802,5269.108777568441
2022-06-24,2883.09719739462,86.57464727636591,5736.457608088364
2022-06-25,2790.3625030156422,155.39700619707642,5382.24255168479
2022-06-26,2557.1572319716906,-162.61480453483458,5147.016651806667
2022-06-27,2676.290679064421,113.52195083671825,5386.952505375518
2022-06-28,2642.8275278857004,-49.811868368049886,5438.339645079376
2022-06-29,2693.039427203276,-70.64331490940276,5501.473323979716
2022-06-30,2549.457946275475,27.701748286634434,5351.899172021618
2022-07-01,2830.2296743030092,58.23290683659647,5402.575825683341
2022-07-02,2705.8639152087526,27.60273627779094,5236.490027480073
2022-07-03,2441.4951073940615,-23.46200847433512,5276.784206273672
2022-07-04,2530.5919264030667,-306.9979715583894,5085.790492329548
2022-07-05,2469.2609528977405,-395.60023731039684,5095.648341516868
2022-07-06,2494.528722767004,-182.10213302284888,5419.2351529637535
2022-07-07,2329.8350762010036,-285.4058159247535,4992.220668819604
2022-07-08,2593.840764557388,-211.294074955376,5487.602955124398
2022-07-09,2458.0206559572034,-301.35077853243314,5108.712805114079
2022-07-10,2187.961189651197,-537.7779028937894,4998.239174371609
2022-07-11,2277.3712711297953,-243.81249651193727,5112.689451729841
2022-07-12,2222.8242330784387,-618.3610016372734,4883.775193587718
2022-07-13,2261.382107547569,-560.48792773026,4991.9685951695155
2022-07-14,2116.5455686511746,-704.5870090391325,4758.452920682441
2022-07-15,2406.5343032274736,-353.43412171280556,5123.593246722245
2022-07-16,2302.7495235069823,-264.0159157435295,4946.430464834707
2022-07-18,2201.509499170043,-465.0199987098549,5073.421145423519
2022-07-19,2192.795682944395,-778.1743424219427,4853.883314465438
2022-07-20,2279.999183699362,-325.74800481848405,4989.34245314613
2022-07-21,2185.6549161286357,-569.6815415396177,4844.761755558464
2022-07-22,2526.6078471154083,-157.3577285559518,5139.614910414817
2022-07-23,2473.372289134445,-154.8811370790851,5053.647194402708
2022-07-24,2289.577539343952,-202.52050325355867,5043.830991133531
2022-07-27,2623.122121243174,-72.96302093819972,5314.476166920079
2022-07-28,2558.9783451488097,-107.13324449942591,5340.094616729394
2022-07-29,2922.8901390881006,288.9064965929945,5596.295352633376
2022-07-30,2884.9713219485875,-44.91859332114591,5604.159409702829
2022-07-31,2708.2174086903265,-347.46343542081803,5227.40340122169
2022-08-01,2883.5367751517356,123.18405774210764,5737.1384535608895
2022-08-02,2905.9134052364752,312.60308912267595,5636.949199319675
2022-08-03,3010.151661251764,260.53692358394665,5948.3351497683825
2022-08-04,2918.2749443098905,304.0957475835344,5559.450351685559
2022-08-05,3246.28598778665,525.9289709435513,6187.035590912537
2022-08-06,3165.2796204898245,533.4864911542518,5972.826649643083
2022-08-07,2939.0087928576927,379.7606774617701,5784.931413400857
2022-08-08,3059.218192090451,261.09326187845005,5790.147405723762
2022-08-09,3022.2385747579724,212.17121998629798,5761.514217644952
2022-08-10,3064.0597160357847,565.9943222850981,5613.924340349921
2022-08-11,2908.164500076193,166.72442298879812,5575.908478136696
2022-08-12,3171.7341150291113,454.54830128504807,5844.254346744804
2022-08-13,3027.5961539354953,125.3563711062288,5580.069798386418
2022-08-14,2740.813090195834,-93.75221415401155,5550.234880750419
2022-08-15,2804.3028827272315,314.9974204912108,5682.867077098819
2022-08-17,2712.526444765684,-103.28561051607824,5376.863703290823
2022-08-18,2518.9142933944786,-273.56712521366717,4984.780765179806
2022-08-19,2752.8115957113514,56.39077758843675,5325.094469349187
2022-08-20,2588.0045535337013,-212.2109417584111,5172.148856819404
2022-08-21,2289.901609048124,-290.3545267778588,4948.620097210607
2022-08-22,2351.464231011758,-433.07741342073143,4993.412447976676
2022-08-23,2270.6718027149764,-504.79517040581703,5045.987029692426
2022-08-24,2284.273302151272,-312.7714017419106,5266.375940274045
2022-08-25,2116.5290936006922,-524.4431130420685,4730.627443169939
2022-08-26,2384.3563330694537,-278.8534261791312,5157.20131634469
2022-08-27,2261.0104577690604,-601.4481275501126,4929.568631884939
2022-08-28,2010.7919943020117,-721.6245447904129,4546.087617416734
2022-08-29,2125.323431609295,-498.61315345470797,4758.562535264769
2022-08-30,2101.4972125328245,-692.5324859243332,4898.577680282055
2022-08-31,2174.6137069026972,-594.963637543407,4962.57243092087
2022-09-01,2067.621684407394,-605.2474662400563,4813.537218996295
2022-09-02,2395.7754174650263,-229.55235286712738,5193.131753819889
2022-09-03,2331.220163522139,-311.7446144739317,5170.950458696963
2022-09-04,2136.7902029892866,-642.0661633031506,4799.897793699531
2022-09-05,2302.6398725461167,-402.8522953056227,4943.645203120522
2022-09-06,2324.6769603029675,-264.4178724357829,4939.028015604416
2022-09-07,2437.0834670803474,-226.78958316782652,5104.756582488061
2022-09-08,2362.0455687004223,-444.8521762729294,5140.438130579363
2022-09-09,2713.9078007700264,26.85238196864597,5330.9229399826245
2022-09-10,2664.642900391069,-109.32528628953197,5413.177062749486
2022-09-11,2476.7169493657984,-207.3257502346073,5270.271797120408
2022-09-12,2640.0465969634097,-116.86820180551035,5307.336670341024
2022-09-13,2650.8867819322813,-28.225547646098814,5441.551002383262
2022-09-14,2743.700904796316,17.333228337899175,5620.194709916925
2022-09-15,2641.3454720057816,-99.97608481318805,5245.902367111865
2022-09-16,2958.6860156868715,502.28332830479957,5790.32198498372
2022-09-17,2868.9163099050793,268.5351241614622,5370.969217869957
2022-09-18,2635.456876337352,-304.26697027162595,5400.750574281922
2022-09-19,2749.2067394055857,-3.699356439858441,5411.147248346599
2022-09-20,2707.8566791299427,52.51376152766258,5472.18687440637
2022-09-21,2747.0835786662115,-1.3478709575605123,5351.551031589317
2022-09-22,2591.16867069353,54.99268238951808,5394.067701710457
2022-09-23,2856.058752143435,-75.13015429302955,5324.987178622786
2022-09-24,2716.523332858239,72.81563934124286,5444.376296678227
2022-09-25,2437.0802846895667,-310.24251999956346,5068.993922971131
2022-09-26,2509.541221398377,-57.7025649838271,5178.4542058679635
2022-09-27,2432.75463704532,-386.84520544395065,4930.681035184975
2022-09-28,2443.13386240368,-70.85864269694395,5089.134114353043
2022-09-29,2265.7231153496214,-360.856528988082,4916.1576243059935
2022-09-30,2516.7225522330564,-120.58080117446941,5276.100213010442
2022-10-01,2371.505697875419,-463.2391181826982,5010.74091239942
2022-10-02,2094.597772877197,-504.3059546308674,4882.986296500556
2022-10-03,2177.5427264607592,-514.5600284937809,4736.587538156516
2022-10-04,2119.1060376144346,-637.1336843722814,4840.480645307363
2022-10-05,2155.167031045923,-661.8022503460163,5102.236296039293
2022-10-06,2010.2636693806446,-747.2889066512269,4592.3617907770395
2022-10-08,2198.011831021318,-512.518134844895,5052.635769225684
2022-10-09,1968.9068187617238,-637.6677728841964,4673.761039172937
2022-10-10,2102.595375598425,-767.1054382107741,4696.8662198886595
2022-10-11,2096.9152941129487,-529.1877034117908,5011.661878902205
2022-10-12,2186.5176580002576,-525.9694267573116,4971.32732278941
2022-10-13,2094.903805060931,-566.0108616671407,4686.194298084033
2022-10-14,2435.947921894496,-236.59336087937015,4989.638290672817
2022-10-15,2383.6978542902775,-318.37317582677116,5056.049098738286
2022-10-16,2200.513151769493,-349.36000142831693,4976.622965953031
2022-10-17,2375.6201504529167,-168.56931047867553,5227.218475433771
2022-10-18,2406.26833712776,-292.1747008063331,5403.67303924507
2022-10-19,2526.3745116255973,-119.08896680046024,5165.174511704158
2022-10-20,2459.036769119224,-386.39281163250297,5170.339192100643
2022-10-21,2817.54238656267,244.65173273194569,5593.534642763804
2022-10-22,2776.042259845187,153.89930795584732,5470.764559276413
2022-10-23,2596.746733369747,-85.96476776068963,5216.1391145470125
2022-10-24,2768.7992728308923,61.50320702564493,5449.585719519949
2022-10-25,2789.8815304456243,-137.33101120288825,5493.80182102847
2022-10-26,2894.2034697226936,114.33246216064137,5487.812839501747
2022-10-27,2805.4708824123327,282.3554728895646,5366.696181286734
2022-10-28,3137.356223835744,244.80895859415907,5743.854475177946
2022-10-29,3065.025980144199,450.30905921144273,5913.782280541932
2022-10-30,2851.3756769087327,23.14120995829613,5541.766992387897
2022-11-01,2968.2631102882556,354.63435787459514,5640.511571104131
2022-11-02,3032.564395787993,193.62108152941326,5838.816365218944
2022-11-03,2903.812068401936,190.306406032448,5494.578570388177
2022-11-04,3196.322780412948,442.0477918038868,5961.051010992183
2022-11-05,3086.406781367994,163.5104085670908,5903.741047031734
2022-11-06,2837.6439499949383,176.81728333465188,5688.429882396015
2022-11-07,2940.3669743917226,280.69482907918984,5650.539685662212
2022-11-08,2894.144189325749,167.775201792274,5610.44529922757
2022-11-09,2934.4501598468173,165.2423377238802,5551.883551125889
2022-11-10,2786.5368693952905,124.68789463298677,5706.056603257917
2022-11-11,3064.834848237271,252.53434977630795,5719.461536161289
2022-11-12,2946.1981127666095,290.3979709621328,5784.679017994921
2022-11-13,2694.2359386897824,-77.1894617772224,5286.448829860492
2022-11-14,2799.118187003289,221.7442715700477,5489.052285959428
2022-11-15,2760.515676419861,30.428743998389095,5552.726913909569
2022-11-16,2813.630407883864,168.82235469278675,5546.280630667426
2022-11-18,2984.07489260376,184.5875241933696,5674.044059606808
2022-11-19,2891.9581895031765,258.5874828231124,5472.743141662792
2022-11-20,2670.1866034148693,-119.54643946921513,5285.95006092842
2022-11-21,2808.1756828963566,190.784571731615,5564.9922125556905
2022-11-22,2805.163640312042,-57.88609444340735,5549.15081891643
2022-11-23,2895.6073100566673,103.75905459784015,5626.968896385166
2022-11-24,2804.000963970466,-144.9453759283937,5473.160145514115
2022-11-25,3143.2498848052064,369.84862651726115,5683.556053551749
2022-11-26,3089.6724902164665,387.931470457084,5715.0564571825
2022-11-27,2905.4653301648314,183.28887966654622,5781.294809306287
2022-11-28,3079.1704492486465,382.40608629773584,5790.590116266076
2022-11-29,3109.544593021705,425.3709251952042,6059.461460188429
2022-12-01,3165.489494469979,556.0236766291514,5740.298238466863
2022-12-02,3527.1783329855057,890.1568008394446,6122.528382649191
2022-12-03,3491.508264489873,731.7041640106485,6203.268475396363
2022-12-04,3320.132433446933,516.8333525667848,5913.408256062946
2022-12-05,3501.0280820620746,792.4682381002202,6121.54010969921
2022-12-06,3532.8253616855404,753.9309010341494,6183.539183860769
2022-12-07,3648.9261249719034,1018.2899705760959,6228.093571165359
2022-12-08,3573.2650824012917,796.4058991278852,6495.001995457179
2022-12-09,3917.648144492836,1193.71410213883,6560.889171406812
2022-12-10,3858.5019956988385,1092.195372197438,6537.074703580194
2022-12-11,3657.4608309586943,1122.1075612604088,6278.742610605799
2022-12-12,3802.4827788044317,1096.2276951198157,6667.8428030534205
2022-12-13,3792.633692769742,1213.3875395910413,6609.408920987421
2022-12-14,3861.5603888978408,1164.3851477983737,6488.515211557188
2022-12-15,3733.715620743748,1066.1909947120885,6406.977455786177
2022-12-16,4021.1710111311204,1243.3447286839246,6741.009137465853
2022-12-17,3901.232052634676,1245.3521652085249,6460.3520449196085
2022-12-18,3636.076874039671,845.3786013101729,6248.460754546108
2022-12-19,3714.1877851047584,1037.5910630960848,6337.822382197072
2022-12-20,3635.5823896620554,819.9106503585148,6432.54154845332
2022-12-21,3634.63324311727,954.3858745541162,6395.6041772286435
2022-12-22,3436.748356333525,636.0377705471651,6307.975457943715
2022-12-23,3654.650305112847,937.6796796225141,6146.19031011674
2022-12-24,3466.848293089238,717.3193894645179,6260.801195625545
2022-12-25,3136.320828773964,333.46798881746395,5825.362680252884
2022-12-26,3152.254736583521,465.71429271539324,5933.965354472925
2022-12-27,3015.716634890956,392.6179431730662,5983.386657530172
2022-12-28,2961.8129984004768,63.070218444340995,5512.057875061736
2022-12-29,2716.8213606731724,-23.648700907733616,5335.0803118322365
2022-12-30,2893.932190613752,217.58537783366802,5574.375668313008
2022-12-31,2672.576243833036,27.75029255494326,5365.075078378413
2023-01-01,2316.151203911302,-345.68859176850333,5185.622762753475
2023-01-02,2314.07019684386,-491.6443175654152,5155.4428464420525
2023-01-03,2167.87776770371,-709.1718809141654,4799.550114752188
2023-01-04,2112.7566414381554,-670.5232019743448,4830.554412633665
2023-01-05,1875.1180853936114,-879.7349978216665,4541.719135551137
2023-01-06,2067.8171304286243,-636.8149439340189,4752.211348806241
2023-01-07,1870.3477911194418,-700.5658678020912,4533.85165027378
2023-01-08,1545.6280784394837,-1328.4765676322302,4281.845728120446
2023-01-09,1582.3740145032505,-1192.4753533696169,4221.539177813808
2023-01-10,1481.6773997323085,-1399.630474064765,3992.435628545819
2023-01-11,1477.877511866739,-1179.8825911693493,4224.83835381302
2023-01-12,1296.62942407456,-1298.5547945801186,4116.44932283782
2023-01-13,1549.6114938661701,-1296.0452595010672,4245.651241588107
2023-01-14,1415.6070490795844,-1250.6279200956924,4174.867187213472
2023-01-15,1156.365574939334,-1511.6209251925195,3852.9630483657083
2023-01-16,1259.318769124729,-1388.1933519846789,4018.7136099132363
2023-01-17,1224.6349194748427,-1439.8254129769257,3939.605235131205
2023-01-18,1285.4682095650942,-1391.1299299162572,4088.875777294899
2023-01-19,1166.5151155569881,-1357.629990059868,4037.075528333009
2023-01-20,1478.2213992291336,-1361.3935256044763,4139.869248106048
2023-01-21,1398.7543286105206,-1528.2032271494702,4026.625753580617
2023-01-22,1188.9407347196552,-1328.174257637776,4266.526377811059
2023-01-23,1335.3223019360623,-1299.2699431456717,3860.405097299899
2023-01-24,1337.6802119918402,-1191.249186354303,3754.89184633084
2023-01-25,1428.6522262413052,-1152.5906296876317,3950.5172875433195
2023-01-26,1332.7639904090036,-1308.862572786821,4198.661137422857
2023-01-27,1660.1192576280405,-1139.408404427017,4404.5527558668655
2023-01-28,1589.243591595709,-1350.3642133443934,4192.915262598899
2023-01-29,1381.0778717020985,-1359.9606566900436,4090.5300858692217
2023-01-30,1522.3495072980247,-1104.5705196014396,4305.711367736834
2023-01-31,1513.5426903132472,-1169.3435137032754,4176.295456619441
2023-02-01,1587.8578421443221,-978.5559535349362,4287.588154750528
2023-02-02,1470.69228523009,-1343.5554039429767,4035.624558219557
2023-02-03,1772.7886709397305,-933.6662982995504,4531.346827167256
2023-02-04,1673.9263005279097,-1131.1010670533774,4421.198120177341
2023-02-05,1435.94800336804,-1115.0633265441036,4299.505603216138
2023-02-06,1546.4275841164322,-1136.4150743637842,4363.165860251931
2023-02-07,1507.0689214446866,-1221.3144775304675,4052.523859243857
2023-02-08,1551.994423268651,-1119.175753130098,4478.687738809955
2023-02-09,1407.6655120911698,-1320.7194847997644,4359.47794651494
2023-02-11,1566.3289479715047,-1275.0608532153108,4258.885353701144
2023-02-12,1312.6220596926364,-1299.5633254564918,4246.251826825739
2023-02-13,1412.297112430053,-1484.7897915769945,4211.915025692955
2023-02-14,1367.6407091397837,-1451.1514000937855,3945.3084767576293
2023-02-15,1412.9253970719785,-1291.4863549027841,4191.99070135707
2023-02-16,1274.7894228406578,-1417.1598593763592,3999.931148522053
2023-02-17,1564.3132807802604,-1122.00635776997,4146.881427464671
2023-02-18,1462.4291866085107,-1230.5249815657537,4136.840849417033
2023-02-19,1231.0483733220033,-1333.3729700452134,3920.7174925336058
2023-02-20,1357.3646875614409,-1289.1061457838073,4181.395925219402
2023-02-21,1343.164058722233,-1378.26211323684,4191.069393495764
2023-02-22,1421.8313743111771,-1429.853767982195,3826.3135695870483
2023-02-23,1319.2172305581328,-1469.9335819416676,4046.9701637297517
2023-02-24,1645.2158330429652,-1007.2798240326601,4342.668146894831
2023-02-25,1580.0696929137603,-1005.4398611183504,4300.108087854389
2023-02-26,1384.5811673129917,-1298.589992413304,3941.8643800395084
2023-02-27,1544.7651366237385,-1142.2114575407193,4161.1353348848315
2023-02-28,1561.6407876551693,-1156.0819651933582,4160.598663960377
2023-03-01,1667.6201975314682,-1054.834559253275,4425.848049891235
2023-03-02,1587.8654480435866,-1200.6542777889006,4016.220813732424
2023-03-03,1931.366344787788,-744.1314867361076,4668.8602571675665
2023-03-04,1878.133900765299,-870.08529712583,4632.622873025721
2023-03-05,1688.4849172988568,-986.2240680373313,4390.956892663426
2023-03-06,1848.0280313174599,-939.2782908633951,4609.659455959757
2023-03-08,1950.6024456909702,-795.7856020138073,4524.244988630018
2023-03-09,1851.6430532119955,-622.1191587499698,4827.8457337844
2023-03-10,2170.264115657343,-525.2588248744352,4962.072783316184
2023-03-11,2087.4045248906386,-546.9310615287678,4845.667734727219
2023-03-12,1864.0442287295318,-869.8549443989582,4400.39887856865
2023-03-13,1986.4925650495275,-762.3582077186348,4617.2880142898175
2023-03-14,1957.0748239546629,-692.8441979813416,4919.087956029707
2023-03-15,2009.2088726413806,-771.6780498533363,4599.56030843211
2023-03-16,1869.6640746530322,-925.8936568380316,4624.503018667642
2023-03-17,2148.5582672568307,-489.8557247451027,4812.815962012544
2023-03-18,2028.2491298937807,-593.4225511412404,4735.137649129466
2023-03-19,1770.6879861656237,-811.5686109987864,4556.412250389269
2023-03-20,1863.0006416711426,-804.8285338936114,4584.316282801483
2023-03-21,1808.6015365691264,-771.1942188544512,4663.9028875292815
2023-03-22,1841.6006808964312,-903.0620485091035,4654.019751130043
2023-03-23,1689.5062578600077,-1140.210769241475,4508.386420102476
2023-03-24,1962.6807334492692,-659.8548824191442,4814.411877119401
2023-03-25,1844.0874419593595,-868.0264181590765,4390.648162045382
2023-03-26,1595.6919126693429,-1122.0054532505915,4272.902595100347
2023-03-27,1704.3593450962464,-989.8515391570035,4446.628057243982
2023-03-28,1673.4237920186054,-789.4407829241087,4375.971374409885
2023-03-29,1736.4554316089225,-905.6558186856522,4397.443949749443
2023-03-30,1620.4386751363968,-1012.4337234538941,4436.88048994675
2023-03-31,1934.720179764101,-688.701100985688,4660.420337692278
2023-04-01,1861.643501167183,-702.3708971147261,4656.134869977667
2023-04-02,1662.029997857463,-1038.573502555223,4410.6729584595
2023-04-03,1821.4233430137556,-839.2807659797886,4536.770905409872
2023-04-04,1842.1416692029554,-638.2065634060377,4700.80083781071
2023-04-05,1956.4298915870004,-629.3329976405585,4633.178419056425
2023-04-06,1890.1341536939171,-1066.4784417867415,4452.8890033537555
2023-04-07,2251.1581366398955,-398.02307955514794,4910.20659173013
2023-04-08,2220.9972909442627,-614.9726488982392,4848.253559631189
2023-04-09,2059.3056400750597,-649.0992776914915,4723.928997607504
2023-04-10,2250.488290326156,-541.5839062842055,4975.034886495753
2023-04-11,2296.232113602865,-324.1045549595477,4998.168817596489
2023-04-12,2428.0334332478856,-353.9574061498983,5229.2765940452255
2023-04-13,2371.3541168638203,-348.2512247704055,5110.65950615978
2023-04-14,2733.566885468087,47.69423397051917,5438.98108124955
2023-04-15,2696.3657435135747,-108.77798147126354,5448.989872826574
2023-04-16,2519.391846660868,-16.831617959756507,5399.617053459809
2023-04-17,2687.1444434059263,-56.584431129550566,5300.496134838157
2023-04-18,2701.958593316747,111.7694124099463,5617.859030514149
2023-04-19,2795.8756214390155,-47.37892305982908,5406.560377229596
2023-04-20,2695.2480474344843,-22.287424986530112,5494.544336945363
2023-04-21,3008.1417381057804,262.2752806277172,5705.517242174751
2023-04-22,2917.591893594412,279.16367949364127,5702.415273362245
2023-04-23,2684.259657436746,-58.03812480065195,5314.961551364305
2023-04-24,2793.63623471768,150.75250024077124,5550.404032575967
2023-04-25,2749.446114650913,-34.414454705358175,5456.369595969351
2023-04-26,2784.843036180355,250.14880787254654,5308.512851063637
2023-04-28,2886.2167442380637,-163.97167686715636,5359.211845298663
2023-04-29,2745.506889833227,-8.95068688688572,5394.434928188954
2023-04-30,2466.8001537531213,-177.64685960040404,4955.188996403818
2023-05-02,2458.233931479635,-121.71229188188332,5175.1258783091525
2023-05-03,2466.476803112224,-393.28884271718863,5293.096918837101
2023-05-04,2288.964665439605,-355.42858320889457,4882.1109295563465
2023-05-05,2534.5622208573996,-129.4579421187162,5097.081033964526
2023-05-06,2387.923660588002,-223.07568872465015,5186.908291629599
2023-05-08,2187.1010320427476,-587.1181513334905,4862.894002981362
2023-05-09,2122.7531624162707,-431.6496809941646,5028.15081421935
2023-05-10,2150.0617748809755,-471.15192358038985,4871.147609827139
2023-05-11,1996.4690873839477,-609.7536868111788,4824.269977951288
2023-05-12,2269.8237469257124,-427.9413718510746,5035.976645589995
2023-05-13,2154.243038466691,-664.8797982762286,5025.790133782261
2023-05-14,1909.9470147385443,-855.0209671442426,4716.636679978049
2023-05-15,2021.4407112699262,-492.7438262383103,4807.370302048189
2023-05-16,1992.3028901991747,-803.5660737076641,4867.577484378635
2023-05-17,2054.474905987552,-585.8788289233887,4512.718712154008
2023-05-18,1934.7312621039773,-819.9527026088065,4725.331564896943
2023-05-19,2240.000240003887,-249.06553140069877,4986.8185791547685
2023-05-20,2154.1113692061836,-545.0178992379573,4842.083975475594
2023-05-21,1936.6992774058801,-680.1548529026148,4519.9268923147365
2023-05-22,2071.716319643697,-692.3147584754204,4732.166674767268
2023-05-23,2062.6813662867867,-623.0090878998071,4877.981740682068
2023-05-24,2141.3251596345353,-522.7593547476127,4827.530120971437
2023-05-25,2034.523832537472,-703.5654380761521,4623.420431310601
2023-05-26,2349.0905968230704,-338.86805692179746,4979.993519595211
2023-05-28,2055.2499111009724,-525.261089109286,4919.864137062911
2023-05-29,2190.8523217345733,-592.2206047494814,5015.984167912164
2023-05-30,2180.34718394506,-412.57093468800133,4971.161677116205
2023-05-31,2255.869998000166,-514.8958002665378,5033.9306120664205
2023-06-01,2144.9136671989268,-517.2431783511147,4765.318137532133
2023-06-02,2454.5773149276215,-228.91900354012432,4994.972617874109
2023-06-03,2370.0228109809823,-315.15500243572336,5315.101016386435
2023-06-04,2151.461187643148,-587.1321519297941,4551.200250252698
2023-06-05,2283.2754791612647,-459.8393393610303,5032.223900762531
2023-06-06,2270.146670977637,-598.4887350062022,4884.278400342249
2023-06-07,2344.378159717817,-472.8531567108208,5336.092295469857
2023-06-08,2233.7310347426164,-594.8784404742003,5115.756012263722
2023-06-09,2545.1442953712626,-292.4409535426094,5220.977510842231
2023-06-10,2464.0583355818117,-223.35874216288093,5141.109655092866
2023-06-11,2250.4594825369645,-393.03452476093634,4941.242040932812
2023-06-12,2388.328915015755,-281.73025288390363,5032.007548451551
2023-06-13,2382.231647772693,-320.6912385883603,5118.801836759045
2023-06-14,2464.0071413387213,-274.4101645171773,5290.1692366994475
2023-06-15,2361.0842194334236,-448.43588251252106,5012.870255946574
2023-06-16,2679.694703903734,83.28173936015568,5286.89552125001
2023-06-17,2605.084397923344,-213.20250730097837,5354.205303829996
2023-06-18,2396.633672916801,-488.4017224658012,5098.507688211131
2023-06-19,2537.647614671367,-195.17676677548857,5065.311902462993
2023-06-21,2612.296085711958,23.727818689719722,5393.722158863431
2023-06-24,2728.4074204072936,4.67080288492032,5486.621337774548
2023-06-25,2504.813082911318,-130.27222087104963,5261.472158307884
2023-06-26,2627.1283611132953,-155.88407868527415,5311.74685654747
2023-06-27,2600.033987621702,-297.33763444843277,5236.177600258624
2023-06-28,2655.1084735309373,-105.4996298731,5693.163915863049
2023-06-29,2520.087324211364,-33.392729592535126,5220.575991383203
2023-06-30,2801.038350601506,-74.83342780593381,5549.917387994623
2023-07-01,2684.3127289310232,-86.24452828919621,5323.416653844925
2023-07-02,2429.77404197448,-430.08836984939717,5019.263969721335
2023-07-03,2521.2197770324287,9.520142705537861,5380.215691737476
2023-07-04,2464.3371350207526,-185.8970265707749,5101.321329296858
2023-07-05,2491.4542881814587,-334.89544264097606,5411.36350597033
2023-07-06,2331.2412070442288,-185.21361170153966,5047.701287191457
2023-07-07,2590.337574431278,-56.958760264382875,5420.749072873542
2023-07-08,2456.1488470711984,-282.73107594029653,5074.597632448188
2023-07-09,2189.1084986299334,-477.2443913569243,4706.687386473512
2023-07-10,2273.398881910013,-505.0987654206419,5082.934250374153
2023-07-11,2215.342109256379,-442.21852121016525,5073.455395278588
2023-07-12,2247.489320466135,-446.3849549933013,5143.890644957713
2023-07-13,2098.773506055722,-668.7553284702315,4715.8307937963245
2023-07-14,2375.6048512695706,-348.47160738934434,4913.47880059942
2023-07-15,2265.5307131949244,-413.59169507274174,4830.656893800105
2023-07-16,2028.553587520339,-702.5442301181143,4771.426505428689
2023-07-17,2148.1768777060206,-517.6125352645738,4890.85685902366
2023-07-18,2130.2587291913433,-648.9403069320838,5013.071627980512
2023-07-19,2206.4687736981878,-483.41021696148607,4857.739914062159
2023-07-20,2104.92318873265,-669.7358528917991,4787.5294380853065
2023-07-21,2430.7776439244235,-144.09623824879367,5409.887638456145
2023-07-23,2183.673751787527,-573.9667201176094,4965.374709963309
2023-07-24,2351.5891752751154,-83.1328050385413,5078.336649067732
2023-07-25,2379.3862991677406,-446.6353329161884,5119.242410051394
2023-07-27,2433.044308474193,-337.99375855500466,5230.553759214447
2023-07-28,2789.9648686959363,83.23600659764273,5773.905874780389
2023-07-29,2754.4349985760673,150.54046956153988,5721.006017480556
2023-07-30,2584.364757815979,-115.91270078293424,5208.693054983642
2023-07-31,2761.1336568986753,194.85043230972622,5471.417343742552
2023-08-01,2789.4011192123635,148.83719339750127,5447.235090593175
2023-08-02,2899.3161331279903,90.21262514983752,5538.721452658232
2023-08-04,3149.731781433713,465.1281248274192,6031.367008083245
2023-08-05,3081.0518611104117,482.12286125597217,5952.514970893425
2023-08-06,2870.506514217227,178.42868506175992,5654.158466874366
2023-08-08,2975.6049844908785,402.30421123987566,5703.324677744309
2023-08-09,3028.2231283128863,309.0356417151785,5610.773211125268
2023-08-10,2886.5114544313933,57.49221026215942,5586.169788988451
2023-08-11,3155.46851506476,444.2092551108835,6010.214033858088
2023-08-12,3023.6774038427093,238.92555644766634,5636.433340259131
2023-08-13,2750.8611373670883,130.37962425586156,5402.613115104747
2023-08-14,2820.21709210893,259.2688400074439,5472.177972771814
2023-08-15,2739.086047214159,30.737993593837004,5364.951398394606
2023-08-16,2739.8171150958506,42.280355859737725,5311.2709412014365
2023-08-17,2552.2461353500553,-43.997577883068885,5570.987661721498
2023-08-18,2782.1714210574446,44.09273458430549,5481.119906569043
2023-08-19,2619.352490205987,-80.04752858503281,5279.018865420458
2023-08-20,2324.1006605176294,-544.4909482380502,4878.817940405319
2023-08-21,2379.917773424224,-554.2527774548438,5300.9383299798
2023-08-22,2294.607911209015,-570.2915518154205,4989.344387334771
2023-08-23,2300.4903169070535,-346.83384494732286,4992.791850812483
2023-08-24,2127.3417718351484,-606.9192294714137,4909.900660859125
2023-08-25,2380.3533506219756,-423.93990953596904,5177.204882679357
2023-08-26,2249.0077824238188,-369.3622769273527,4945.180020019059
2023-08-27,1992.7411425242267,-594.7360605671973,4666.266841290272
2023-08-28,2093.922027339097,-504.47593975656406,4800.544894179138
2023-08-29,2059.441460354436,-376.9258970437365,4719.687314097828
2023-08-30,2120.3077549459977,-478.6886794771374,4912.250979874375
2023-08-31,2005.0843991352288,-605.6693267193077,4697.833003439501
2023-09-01,2317.3561092636583,-587.7846030953531,4863.538083719712
2023-09-02,2245.5091598377717,-531.8641690719945,4967.817514828409
2023-09-03,2047.4839474061114,-625.8149341821721,4781.045894788196
2023-09-04,2204.109337147871,-365.15215412043887,4925.891528151931
2023-09-05,2221.1800650836226,-441.9532855173953,5057.108382909967
2023-09-06,2328.4372219312427,-215.40423541334334,4957.67518319788
2023-09-07,2253.499624775032,-652.491432053137,5007.005653795391
2023-09-08,2598.831529582843,-144.16686718903622,5111.592594090218
2023-09-09,2552.4128942190277,-209.19046392544817,5365.910711138696
2023-09-10,2371.5647471347584,-386.75391917277454,5019.636442464096
2023-09-11,2536.616093620407,-57.00568792097433,5134.5739657945915
2023-09-12,2553.442265478913,-172.34378394251198,5185.627758036701
2023-09-13,2651.801239467671,69.64520319032877,5282.237027320831
2023-09-14,2559.7262533792455,-169.33689498083697,5179.864896976196
2023-09-15,2879.9613139699827,-84.98394443338358,5465.674877406501
2023-09-16,2801.486784017395,387.37281406241647,5509.108375068955
2023-09-17,2582.3830764926593,-59.51757100037512,5595.868911104148
2023-09-18,2703.796652371942,108.18770378264207,5436.283739643414
2023-09-19,2672.9076901715134,-189.11532911844895,5411.41008099014
2023-09-20,2720.5932339340734,-139.07541325087092,5313.920008034138
2023-09-21,2576.255378031414,-13.671256887329001,5236.536056806767
2023-09-22,2843.7028335184605,-66.22209843291975,5435.626582291643
2023-09-23,2713.514544734693,-38.598298276927196,5345.504961066044
2023-09-24,2444.9292400787713,-69.93127227736025,5349.077782197306
2023-09-25,2520.1031302221545,-447.6677531263519,5186.330619182723
2023-09-26,2447.504706516944,-117.259704668004,5106.486735074769
2023-09-27,2458.9077118637556,-245.09209478438316,5037.232604730039
2023-09-28,2284.662924752148,-487.24858879944406,5020.670191017924
2023-09-29,2529.0385773175894,-320.24096197437854,5287.979350074429
2023-09-30,2383.4391652947693,-381.0619800501942,4878.414254221773
2023-10-01,2107.341891661362,-629.4736958502752,4676.198274412383
2023-10-02,2182.8703848396185,-491.27686458445396,4913.001036954047
2023-10-03,2118.643565491901,-547.0572285373951,4627.261579800011
2023-10-05,1995.3796742469408,-681.134217355827,4535.683020717657
2023-10-06,2269.880818190744,-604.1503040858502,5018.64900661663
2023-10-07,2160.636689899105,-678.8987464498719,4934.628854629183
2023-10-08,1926.1913512636893,-811.7506883907241,4582.048659753503
2023-10-09,2047.543703195369,-735.8403953638259,4858.128064362894
2023-10-10,2032.4749745485324,-537.6657804361882,4927.67587226904
2023-10-11,2111.280551550708,-574.8408340020148,4766.104835728541
2023-10-12,2013.006973509174,-810.8846287247147,4745.588501973768
2023-10-13,2339.784956918656,-222.28984363243762,5047.591361206715
2023-10-14,2281.828590246577,-389.0531971969742,4884.875543550639
2023-10-15,2096.5290241372704,-824.0913594633437,4680.1331397229615
2023-10-16,2263.7157203614333,-351.5728886719046,4977.537621751207
2023-10-17,2290.459776576207,-540.2468070013942,4760.6623282362525
2023-10-18,2406.1790981494364,-410.86342099403623,5172.861812697624
2023-10-19,2339.3563771522695,-435.8023325526938,5019.656427685404
2023-10-20,2691.3614417066797,46.94100245128042,5497.485263510931
2023-10-21,2652.3286208220266,3.4563934896762154,5547.80454967905
2023-10-22,2479.3124202002186,-98.08828186185298,5332.486878498537
2023-10-23,2651.871816898578,5.918439126097892,5480.92435234766
2023-10-24,2677.182561689015,1.649924118046826,5140.140364256238
2023-10-25,2784.9127492122607,386.68586014648065,5566.334021140406
2023-10-27,3036.010443284799,442.3021961822612,5927.984374414002
2023-10-28,2972.0554835426838,193.81001249248934,5638.262412475322
2023-10-29,2769.7645056717693,81.7688611218902,5463.556402891638
2023-10-30,2909.1063121269094,166.19631674652004,5757.11616919918
2023-10-31,2898.5560933161023,35.23261158240618,5693.60795855108
2023-11-01,2968.3274029719646,50.885352937698165,5724.145461267118
2023-11-02,2848.457475824844,234.09057790091632,5396.356616240966
2023-11-03,3140.8755681087114,585.0382507530053,5845.75777453446
2023-11-04,3038.227028571198,303.24593744106676,5573.734455109831
2023-11-05,2798.7560866049016,166.84281159774577,5476.100557353662
2023-11-06,2902.848663621083,156.5911756433226,5528.919453836684
2023-11-07,2860.070235019856,-76.53192356833553,5748.376666632228
2023-11-08,2901.1020553566586,286.1468362692265,5472.874290328226
2023-11-09,2756.7421488307145,170.70982258046433,5481.660928661843
2023-11-10,3028.925149720848,422.04311882680383,5785.7156120380405
2023-11-11,2911.269842817428,26.02507707354684,5522.81297545229
2023-11-12,2662.08162123724,-294.32488892291167,5320.205902002152
2023-11-13,2761.5329184429884,-80.75167392789454,5363.327948408765
2023-11-14,2719.6063113887976,-196.29762231021365,5330.618502501832
2023-11-15,2766.749804554932,-30.186940915309332,5485.794549184742
2023-11-16,2633.808027837402,-32.76494232760999,5338.069548568186
2023-11-17,2922.007524382807,339.340274971221,5555.635414631024
2023-11-18,2825.240847212222,-10.320669080541078,5321.230610582963
2023-11-19,2601.200683629196,-48.31849346269086,5435.470524663474
2023-11-20,2729.2086338285076,-63.91217416937734,5458.4881660288465
2023-11-21,2719.072878962134,61.34390847286823,5392.831548250015
2023-11-22,2800.4703643450716,43.869732138813525,5628.000506626183
2023-11-23,2703.81452885756,-138.89933900138678,5419.036278497503
2023-11-24,3029.2108605528438,286.0920009310078,5768.703208620672
2023-11-27,2949.3257045096366,222.20250998523326,5629.202268128659
2023-11-28,2974.6684640195526,145.192690593046,5522.161487153713
2023-11-29,3089.300695423103,444.78774645029415,5859.4943691013605
2023-11-30,3023.208287926352,309.18285740620644,5779.4129746961125
2023-12-01,3375.4438387745777,551.5756165397247,6149.923854481619
2023-12-02,3339.8873931226326,690.4845296744312,6215.118952035693
2023-12-03,3172.6443616654196,753.1208917049241,5822.033476280822
2023-12-04,3351.1687349080958,587.3592712340738,5837.43137236509
2023-12-06,3502.31895141038,761.6272769001862,6207.665162869498
2023-12-07,3433.22751474911,617.6075031649902,6192.465116722157
2023-12-08,3776.088191859695,1098.0137085032566,6430.341191484175
2023-12-09,3725.291122744424,1197.781561250297,6490.06863365446
2023-12-11,3687.533347605106,1035.9289482271167,6556.504813045092
2023-12-12,3687.7190647820003,900.0974196622496,6281.348751992706
2023-12-13,3765.123198751731,1006.9532316305024,6336.924512992447
2023-12-14,3650.7791320243387,820.8439425623133,6734.095004235111
2023-12-15,3942.8564359766924,1268.375741614315,6618.192770918802
2023-12-16,3837.116297332396,1152.1881140168628,6789.650736769238
2023-12-17,3589.778781276557,851.8093888651432,6203.360508205867
2023-12-18,3677.882837763579,1070.4564519568105,6265.262696242143
2023-12-19,3612.829631473171,995.9569211464676,6348.095282744926
2023-12-21,3441.2707254714055,801.3059325391993,6089.099123773245
2023-12-22,3664.4481257809316,1061.304031940129,6421.958778231641
2023-12-23,3490.956872480714,694.5909112934091,6135.460275530787
2023-12-24,3177.4301247016365,361.87163640835286,5788.566648054638
2023-12-25,3200.929537539314,647.9697758563472,6069.110541828531
2023-12-26,3074.5982282663786,310.2540780914164,5737.804018348882
2023-12-27,3027.6262508226023,381.5342036765501,5853.3732898253165
2023-12-28,2793.062419915078,224.341353189263,5289.267380707121
2023-12-29,2968.5192102968344,403.3271751393871,5706.170831263161
2023-12-30,2754.1791395969285,194.6284088329689,5301.2304086686245
2023-12-31,2406.8318549027445,-308.961916038839,5275.061601629802
2024-01-01,2403.208648327673,-231.49314022209904,5174.0267262674
2024-01-02,2257.7466840306975,-480.3134973071574,4947.737080859164
2024-01-03,2199.5335213663107,-414.8524301210161,4980.117589414769
2024-01-04,1962.2832714506644,-667.4490265317613,4708.934120679064
2024-01-05,2142.594542859333,-368.40415428257575,4948.335180642554
2024-01-06,1942.0103922623891,-545.5761195794651,4646.701478100563
2024-01-07,1616.6511866824326,-1198.9082301939136,4294.67336103128
2024-01-08,1642.049916869432,-882.2130649521197,4559.665622515255
2024-01-09,1533.042954928698,-1064.7233453965537,4224.307613957606
2024-01-10,1517.710208824605,-1042.295521493897,4297.497941652092
2024-01-11,1329.5331790650807,-1583.8390134660576,4060.629499036539
2024-01-12,1563.224130334562,-1393.4042989379507,4323.678048075886
2024-01-13,1420.8579915443916,-1123.629032263786,4057.844486725112
2024-01-14,1157.1191409447185,-1668.103871642146,3599.496295005885
2024-01-15,1245.6549779129118,-1437.275029313151,3838.398908701764
2024-01-16,1201.1095296320873,-1576.4319687692498,3774.786033832724
2024-01-17,1250.0739669273187,-1422.3288175066004,4094.561782335424
2024-01-18,1125.439278485321,-1625.2915666364934,3818.428786601504
2024-01-19,1419.8069842993475,-1504.9193329353348,4274.292388866004
2024-01-20,1335.7005578214198,-1364.6755158862236,4000.1105626699177
2024-01-21,1126.4306805144622,-1344.541675617258,3626.349550513435
2024-01-22,1263.9683784137026,-1324.1681646726474,3893.3324256532237
2024-01-23,1263.1194070862753,-1571.2464852676055,4040.779757526973
2024-01-24,1349.4796277097612,-1453.858561439414,3972.6357912331955
2024-01-25,1255.9734022257724,-1326.2713777029185,3886.454973750771
2024-01-26,1573.8336812610348,-1114.544163035405,4140.061508538814
2024-01-27,1506.798712925318,-1120.4444106386632,4387.243836913698
2024-01-28,1307.835644471723,-1233.8890763233182,3818.4272785359485
2024-01-29,1448.1807967830316,-1355.7657302271466,4137.801187739989
2024-01-30,1443.887310202529,-1054.1637976678176,4195.269220141947
2024-01-31,1520.5755873796609,-1182.093929672697,4251.955817771224
2024-02-01,1412.324908557494,-1425.3141825504197,4185.923511581091
2024-02-02,1709.8316378960342,-819.4441200380694,4627.719011513664
2024-02-03,1619.4414974460467,-970.8090202352163,4290.380755201786
2024-02-04,1394.4067551172986,-1262.4545545406663,4151.84202053945
2024-02-05,1505.8961780019008,-1195.908882011004,4334.831059846448
2024-02-06,1472.0068302344755,-1305.772238619932,4158.431154805905
2024-02-07,1518.8676154169248,-887.414056482612,4225.071438592041
2024-02-08,1382.119661886022,-1251.2665825756008,4003.010630498709
2024-02-09,1652.1136848927529,-937.7865732272411,4211.048022676076
2024-02-10,1537.8000119057785,-1260.317966006737,4152.868890955373
2024-02-11,1292.6671584527899,-1541.3155817637567,3790.671809460148
2024-02-12,1387.5361388363763,-1383.2774774216412,4053.518593620003
2024-02-13,1342.10885367737,-1560.2375823312848,4016.175877228005
2024-02-14,1382.435467231814,-1209.0049459299573,4067.953616578671
2024-02-15,1244.9981886272067,-1531.4590302905106,4028.5498215122134
2024-02-16,1518.965971537232,-1181.623432635499,4458.528952035858
2024-02-17,1414.9635939096897,-1248.6736197645778,4127.091801245654
2024-02-18,1185.7155232199036,-1744.66142778815,3822.154807834062
2024-02-19,1300.650485531807,-1548.751877162149,3944.9719073502097
2024-02-20,1280.0136832191645,-1522.022781241257,3710.0827349466667
2024-02-21,1348.7258834907702,-1233.229252637909,4125.997311969319
2024-02-22,1243.0983786960003,-1511.2427244604175,3919.4315514483283
2024-02-23,1550.1719783570347,-1168.4949495017524,4508.781209401361
2024-02-24,1481.3905488774028,-1223.9623336413777,4117.60283646016
2024-02-25,1287.9733369736532,-1474.0220347939405,4071.3806032238213
2024-02-26,1437.35009425354,-1312.9017010026541,4159.594695942526
2024-02-27,1449.8539863169478,-1276.0995582909457,4270.693015896722
2024-02-28,1548.9853399190008,-1253.4387289318672,4169.967867347346
2024-02-29,1470.7664386174843,-1320.0852900951456,4179.727412124133
2024-03-01,1800.1689066308859,-729.2159549649937,4292.347477665033
2024-03-02,1749.6911055777432,-910.8933123064885,4310.3454378942015
2024-03-03,1569.453590307872,-1199.594872584675,4340.559586226065
2024-03-04,1725.4548468770631,-1290.5802322319435,4320.783926636888
2024-03-05,1738.8305662393964,-1091.5941444883556,4405.776140614538
2024-03-06,1832.5036902978309,-953.7418633798609,4448.509838605361
2024-03-07,1743.1571133310517,-882.2712717738323,4537.247556030079
2024-03-08,2054.7245212945363,-491.7025875277917,4581.482266291368
2024-03-09,1981.84435068593,-549.599426543064,4920.433400994017
2024-03-10,1774.6494400204442,-996.6757310632674,4693.223235616855
2024-03-11,1898.7814377412099,-1048.2453988913019,4634.076183055122
2024-03-12,1877.2836461482177,-838.5999132629406,4574.15490795043
2024-03-13,1933.50644146258,-763.5717345653331,4598.870415235577
2024-03-14,1805.7247315370764,-865.384731163086,4654.397061678043
2024-03-15,2077.595257745511,-683.5384511287587,4721.16997145263
2024-03-16,1966.6178511712199,-877.1668337998042,4511.354436149723
2024-03-17,1723.4316297381363,-961.253071462471,4346.276326509017
2024-03-18,1813.6608609274374,-974.0828689088651,4535.975857014098
2024-03-19,1762.3950764952817,-1038.427820394526,4340.288039340263
2024-03-20,1793.3497538577117,-1013.4530612803345,4601.244986043732
2024-03-21,1646.1805110373127,-1141.5899346825768,4150.620375309007
2024-03-22,1903.8253743203502,-1019.6977117467572,4535.761722560431
2024-03-23,1786.0919379208333,-754.4906256714046,4363.036406291718
2024-03-24,1543.3586400725524,-1151.2921026380784,4176.219262020896
2024-03-25,1640.3121865952423,-1124.680802162583,4427.265542275748
2024-03-26,1603.1135388600144,-982.7246393694624,4342.706547320661
2024-03-27,1654.741462195958,-842.4857870210874,4440.470105095489
2024-03-28,1535.065272934618,-1322.3312003320218,4310.775094992479
2024-03-29,1825.102217676083,-841.1937956133354,4439.664534057221
2024-03-30,1745.7617287327964,-1085.3635813948526,4261.427928682645
2024-03-31,1545.9831883476456,-1188.7301589054882,4192.0458866769995
2024-04-01,1688.3957018613514,-1063.8117472130707,4599.366359364438
2024-04-02,1699.19930494906,-1130.3445530389151,4390.678079262337
2024-04-03,1799.718497537946,-831.04410048927,4374.520590724288
2024-04-04,1729.2577079801085,-983.5818015132913,4518.4039910486335
2024-04-05,2066.2943483613967,-587.6961427051655,4928.694122778893
2024-04-06,2032.396578856941,-698.8774606042202,4637.461614954049
2024-04-07,1874.8093828837225,-527.331765036116,4538.40535503139
2024-04-08,2054.0436068372915,-600.6587608883472,4838.166959529754
2024-04-09,2096.474214598812,-876.541545440713,4844.969163684752
2024-04-10,2222.100500092314,-480.6045319156979,5049.219940715486
2024-04-11,2170.1759194584815,-639.2041814244615,4743.172236226687
2024-04-12,2517.3236595952785,-310.07815712177376,5155.644735878
2024-04-14,2324.5585683482004,-638.0164021155013,5232.720144660595
2024-04-16,2512.5660948478867,-302.36008983070496,5128.299564491418
2024-04-17,2610.218298429828,-185.7768839235091,5377.0669188734
2024-04-18,2524.0286042575626,-304.9691258375399,5097.068706922722
2024-04-19,2829.982800211777,351.13782458469836,5529.466580642562
2024-04-20,2753.8200221993243,-45.11419784569524,5519.284167347474
2024-04-21,2542.442842447899,46.640733504909505,5147.291613080916
2024-04-22,2655.2875263789856,-87.28924749299738,5246.449694954472
2024-04-24,2663.9110807339885,-121.63798066447589,5361.296151054755
2024-04-25,2522.371953056657,-171.8367206865881,5237.865577422987
2024-04-26,2773.4038878688443,66.3474431043104,5288.4547100325435
2024-04-27,2645.632105664963,41.17527761886659,5232.0321441639635
2024-04-28,2386.3664681213263,-203.09008450057192,5161.771928496339
2024-04-29,2454.8504851325056,-332.1978119367065,5049.916597545785
2024-04-30,2382.8851532555454,-190.72219257342417,5085.256700038125
2024-05-01,2391.0892098648037,-79.86227596075096,5045.5814480960735
2024-05-02,2222.7407622355418,-354.65864241047484,4964.568341160384
2024-05-03,2452.560649487857,-199.9899059050328,5160.296958041707
2024-05-04,2311.168130254924,-290.6032262551033,5034.361091515147
2024-05-05,2045.304436838513,-666.3209788212226,4626.9138317262405
2024-05-06,2112.9875004352184,-565.2483269054482,4928.292088506362
2024-05-07,2046.8352991281358,-596.5068040873139,4793.693286894488
2024-05-08,2066.5216361413886,-652.5933175195655,4561.716687584792
2024-05-09,1915.3875660330327,-655.0854523609729,4556.979284176832
2024-05-10,2166.1493071271084,-480.0244651097879,4854.942784982206
2024-05-11,2050.5183148144697,-462.9684371865505,5065.4957477590415
2024-05-12,1813.866184009095,-941.0923661735649,4543.941026287952
2024-05-13,1912.3039451660668,-952.6081126146363,4519.13910825778
2024-05-14,1878.7200831260536,-1044.8660433015998,4631.328557357313
2024-05-15,1931.4429357739946,-664.5141501462168,4699.898146581229
2024-05-16,1813.6286944636047,-1006.3816518535557,4357.919244629029
2024-05-17,2095.896196747972,-553.1590541448078,4967.0851458198595
2024-05-18,2011.1092683199581,-959.5500976865153,4631.377515775317
2024-05-19,1803.4765382174871,-991.5883871897586,4490.502360974421
2024-05-20,1927.544802781079,-774.1188985741347,4587.55726076698
2024-05-21,1916.9375114092286,-853.0415934421187,4726.74627601085
2024-05-22,1989.2063501303082,-627.7042020046476,4544.194478082457
2024-05-23,1887.9757079344524,-904.0889753905907,4531.116675616613
2024-05-24,2182.4821994666513,-618.7285854610843,4878.862297686613
2024-05-25,2107.4957674282296,-547.3910239316128,4759.11913226002
2024-05-26,1906.8302616232027,-939.6817027565822,4605.13435498555
2024-05-27,2034.2268101478523,-687.597887578501,4829.325838342448
2024-05-28,2024.7695187253141,-670.1725954620125,4739.308751624334
2024-05-29,2095.904481757286,-470.8525042612959,4781.633241422257
2024-05-30,1992.3210907131552,-705.6187134207147,4722.595180019233
2024-06-01,2203.156077021411,-501.7701823805086,4977.65620067547
2024-06-02,1998.3559267795201,-732.4662690198757,4685.553052823178
2024-06-03,2121.078590380229,-386.8897014963338,4820.817166287229
2024-06-04,2107.909300280966,-731.1937700288208,5059.073541555157
2024-06-06,2071.2280233314855,-837.3328578711619,4587.345012287946
2024-06-07,2360.4508081488884,-383.1450332530758,4975.361016116285
2024-06-08,2282.7596074301555,-279.85170897177295,5034.395633425664
2024-06-09,2081.2721200247715,-584.3305669556831,4616.720711072377
2024-06-10,2207.9084260234495,-492.93477948777297,4906.651789209198
2024-06-11,2200.17655828058,-555.5209314493372,4938.211665243327
2024-06-12,2274.551109508153,-523.3274841286359,5010.355669033996
2024-06-13,2176.8614021137955,-556.050904173039,4863.279020053922
2024-06-14,2472.534934049488,-430.5139394649333,5150.598654084868
2024-06-15,2401.940036267201,-476.02686141195335,4931.905938602648
2024-06-16,2207.1491919587656,-366.2178036729103,4874.1442947721025
2024-06-17,2338.5272229599514,-335.19974774207196,5071.1606044940545
2024-06-18,2334.226500702451,-384.85735913127746,4992.933954957093
2024-06-20,2311.199435467986,-400.356451619208,5015.633864539407
2024-06-23,2320.4632125172543,-332.5092356095412,5088.380824222349
2024-06-25,2417.283786894589,-308.746726321373,4999.396974836429
2024-06-26,2473.0248856697244,106.83649463936601,5173.535612660055
2024-06-27,2352.305752837739,-449.3942220071696,5084.562066203711
2024-06-28,2617.8954260972764,48.26565053508091,5241.10375468083
2024-06-29,2514.039023559612,-227.17651474828585,5170.701930447076
2024-06-30,2282.0618375834597,-427.98181249644483,4912.635412134481
2024-07-01,2370.756860566571,-568.6588612043583,5066.799477222932
2024-07-02,2321.2529792034798,-524.4547684863311,4896.213572643728
2024-07-04,2202.1544053414077,-496.61491702440867,4982.011797388517
2024-07-05,2443.059354059754,-431.8303338659411,4992.744152261818
2024-07-06,2318.478239099067,-430.0535932150126,5433.825465591367
2024-07-07,2069.8584157693654,-402.76557062736396,4830.213622299051
2024-07-08,2145.545527342833,-458.15727072298483,4998.138145662289
2024-07-09,2088.3222039268176,-595.165834069234,5076.806318049859
2024-07-11,1970.332538406494,-578.8964314934701,4843.926321330782
2024-07-12,2219.8103823301585,-558.4087895568473,4963.821489730461
2024-07-13,2110.607162783105,-603.4447644208357,4822.672211949624
2024-07-14,1883.467532887613,-974.204302198206,4509.778109793295
2024-07-15,1985.379012559768,-768.9075571278479,4849.462838292078
2024-07-16,1959.8043546646827,-549.1840817226691,4644.864980225482
2024-07-17,2020.9688803090785,-571.7787146476725,4869.534255981237
2024-07-18,1918.0128062187964,-1030.5739508250497,4535.208574585281
2024-07-19,2209.7593225286682,-546.8401070135787,4929.871910357158
2024-07-20,2145.770769324813,-450.5805281561478,5060.724513072482
2024-07-21,1965.2032753750552,-960.1046839333462,4679.13336966702
2024-07-22,2112.8988144532973,-497.3054480515263,4710.122782661377
2024-07-23,2132.334749550256,-771.2928978646329,5016.242687594662
2024-07-25,2172.939445684548,-622.3026078882313,4903.228331596639
2024-07-26,2499.236605266542,-288.0985886163011,5050.036119317464
2024-07-27,2465.4600797201883,-363.6294427630959,5468.630865992622
2024-07-28,2309.35289209978,-519.7856665640575,4908.192775029156
2024-07-29,2473.9708475952584,-179.83846879738374,5218.749391933168
2024-07-30,2503.3432476294024,-335.3382091835218,5253.171146990178
2024-08-01,2540.5279230965357,-271.9468251683517,5286.560219333074
2024-08-02,2852.4778682350498,220.4397097890816,5599.203874234205
2024-08-03,2797.448544175666,110.84523530829024,5336.439756022881
2024-08-04,2612.9487684950022,115.38500314041846,5394.460789256517
2024-08-05,2741.480177699446,-18.046100377166287,5433.443585062166
2024-08-06,2728.878392354624,-123.69689830410691,5620.0313136805
2024-08-07,2787.179390415483,178.46154647681112,5570.953973397615
2024-08-08,2667.0562496285056,-58.639764226027026,5326.316580733848
2024-08-09,2923.319271282712,157.15476101874393,5545.530720127472
2024-08-10,2811.4083170410186,175.2200551908871,5655.170741568521
2024-08-11,2569.500731849064,-343.25425928518416,5226.763522537684
2024-08-12,2640.294557042024,-29.324584028127397,5386.621197392913
2024-08-13,2572.0099925514633,-162.89856597819954,5634.516721460218
2024-08-14,2577.4082208472933,71.05683757963482,5237.0707486313495
2024-08-15,2408.952204635891,-281.8215502855194,5070.75917325885
2024-08-16,2621.1842166496763,-194.19732279382646,5351.783845025142
2024-08-17,2472.335318359873,-261.29230484261143,5092.9420243664845
2024-08-18,2200.828592833368,-441.1550703079072,4925.867942943117
2024-08-19,2248.9433654256163,-451.78461051115096,4818.064291931611
2024-08-20,2166.4914482556574,-408.7190474415069,4770.176060717102
2024-08-21,2166.0074664065028,-619.815441309006,5037.690746933317
2024-08-22,2000.6568440209514,-814.4138510525627,4832.67561464681
2024-08-23,2223.5173620475207,-442.47121416629994,5000.25617860539
2024-08-24,2094.3352051938405,-637.7718601610227,4727.8901352669545
2024-08-25,1850.454977758872,-960.4531226307226,4570.330047241445
2024-08-26,1932.397640693884,-746.2840726132044,4759.627152511227
2024-08-27,1890.244640492662,-791.2851798631261,4564.237624741331
2024-08-28,1935.0323817496635,-723.58139244826,4876.624596573234
2024-08-29,1819.4387498845947,-764.8250870298774,4455.284050547277
2024-08-30,2093.9979471120414,-588.7377699347437,4917.5458618045795
2024-08-31,2019.0295147575232,-557.4217509445573,4713.985515998041
2024-09-01,1830.0180272392097,-873.9132208042715,4659.391205054787
2024-09-02,1965.123553680012,-632.7185132484705,4787.949386485424
2024-09-03,1974.2879259561273,-874.7018705014804,4832.115882305702
2024-09-04,2066.842712764889,-761.7908953198906,4780.904635617669
2024-09-05,1994.978517284391,-488.3527661510621,4827.863458280859
2024-09-06,2306.892129428216,-208.91773734639466,5035.7612253931675
2024-09-07,2263.882413236422,-449.98539597792484,4992.129011680068
2024-09-08,2100.168605303124,-565.5500620275216,4894.181025272524
2024-09-09,2252.317576087295,-582.0790133524065,4818.710685685378
2024-09-10,2271.052291516256,-627.46952988271,5043.939521366794
2024-09-11,2365.0496586679988,-444.63685353468696,4987.0911397092605
2024-09-12,2287.165911622915,-307.90673404835064,4990.88729170453
2024-09-13,2584.487037758738,48.95849922469971,5388.541095739555
2024-09-14,2520.560888524323,-202.0055771648018,5295.811353714865
2024-09-15,2329.622631760452,-73.3322846206429,5059.384866337705
2024-09-16,2447.907357202598,-238.71136639694188,5140.333634105751
2024-09-17,2428.1300673382984,-229.47522741694056,5215.299549117942
2024-09-18,2479.4442891567455,-115.20096640235934,4914.753624009939
2024-09-19,2356.3967205750905,-297.7422411162911,5137.594469757446
2024-09-20,2605.857033606107,-110.48009520703461,5338.053177825844
2024-09-21,2494.3658113787765,-349.74836073023465,5161.204528196526
2024-09-22,2256.750729935448,-367.4549535049214,4985.462684859867
2024-09-23,2329.312420962026,-248.5949914438943,5102.201353829373
2024-09-24,2266.9684909731054,-394.3694903869471,4964.18655032012
2024-09-25,2279.3701117298906,-497.721722217104,5030.522585034637
2024-09-26,2122.5878582309565,-611.8643299091035,4662.982797172045
2024-09-27,2342.927421843205,-299.7696973470551,5039.875830937532
2024-09-28,2209.404276327838,-369.1799108930125,4814.424724563509
2024-09-29,1956.7655206988711,-726.8079765885147,4490.72686631685
2024-09-30,2020.5675210633615,-734.4342911131689,4902.659861613248
2024-10-01,1957.0055470966636,-874.3641250557574,4853.876156311509
2024-10-02,1975.2124044053105,-1007.8650322015814,4629.31286520393
2024-10-03,1831.701356014293,-771.6116597189127,4654.562857591069
2024-10-04,2071.0947853798057,-517.5436072223838,4849.5993102950615
2024-10-06,1743.2293912286652,-883.652682680253,4488.154292046004
2024-10-07,1843.265361034711,-923.2850078073709,4576.761238092561
2024-10-08,1820.331163584302,-996.5724692371016,4524.690839039005
2024-10-09,1882.128794446419,-763.9309070909292,4553.12340088192
2024-10-10,1784.8120421627107,-883.1045308783472,4545.838292981358
2024-10-11,2070.6449673716575,-607.6866251516025,4912.750537246646
2024-10-12,2010.7984269101878,-686.809400538928,4675.364923395154
2024-10-13,1837.2474493167479,-1017.7135305472013,4544.397457841887
2024-10-14,1981.6909528617798,-712.1507531506131,4669.008780587996
2024-10-15,2000.8041155773901,-827.0195911796653,4669.645539495913
2024-10-16,2100.9444522651856,-727.7886338194937,4678.334005076104
2024-10-17,2038.143237720259,-904.66921900075,4785.064480202674
2024-10-18,2352.6847396853022,-228.5016312173236,4987.206356217147
2024-10-19,2317.058170445861,-278.0163206321869,4934.518023464332
2024-10-20,2162.282718378693,-397.8327558288772,4968.093108273716
2024-10-21,2318.733957600092,-537.2434651665135,5121.625110676031
2024-10-22,2344.0894706558265,-159.35503852629446,4992.551509976491
2024-10-23,2444.2173157154934,-185.68744493881977,4982.118482246507
2024-10-24,2375.9177643930166,-363.6838609762307,5073.97120595096
2024-10-26,2626.3781626627742,18.40240907517062,5237.647958089528
2024-10-27,2450.7844311887393,-363.3047161682812,5023.330552131398
2024-10-28,2581.5025885151504,-153.50427440832644,5320.239084856466
2024-10-29,2577.97996394535,-344.1074570364994,5220.938842105572
2024-10-30,2646.2850409095317,97.1492659455153,5686.563564474416
2024-10-31,2544.5866542942367,-330.1495232172319,5143.147641065783
2024-11-01,2811.5217273197054,63.16944135617487,5629.931707543085
2024-11-02,2724.408401645032,-134.09195556486162,5598.97697225283
2024-11-03,2514.3811012793776,-186.16705029813122,5406.360024888889
2024-11-04,2610.990360223877,26.661951242682743,5498.538050204532
2024-11-05,2575.501047806572,-58.104597947746996,5364.44136639591
2024-11-06,2614.1183412862147,145.1923348482004,5354.607515686473
2024-11-07,2486.209820816727,-108.43260071712064,5118.95379255755
2024-11-08,2729.569830639093,-116.57281265375605,5507.522587824624
2024-11-10,2399.701276352946,-326.04721232517755,5123.773615788813
2024-11-11,2486.0842048024983,-299.7119726389405,5196.819399211821
2024-11-12,2445.443637636842,-299.17392333849915,5092.352441129437
2024-11-13,2483.5246318066716,-217.59192358949386,5051.525611151928
2024-11-14,2360.269471501318,-317.4906633338184,5111.821225061868
2024-11-15,2611.9917717286853,148.45510864761485,5478.115534317083
2024-11-16,2519.8744554707428,-208.63715063754316,5094.695561399158
2024-11-17,2313.9435024769664,-372.6473049609208,4809.878361217328
2024-11-18,2421.473936606002,-257.22422336065864,5206.657302435247
2024-11-19,2405.6765446878067,-293.3120976777073,5069.425183703881
2024-11-20,2471.299437472315,-88.19641555448577,5409.414521488837
2024-11-21,2378.3698289157524,-328.4102981827761,4994.71959062784
2024-11-22,2661.283778851123,-209.96625444763782,5406.932780714427
2024-11-23,2602.457449209917,-234.15772007489576,5428.947108196963
2024-11-24,2430.729366217304,-210.0702790131945,4927.590920938703
2024-11-26,2589.003192920947,-17.23649543054288,5300.8742719503125
2024-11-27,2686.330208384391,101.73946106447508,5553.544534769587
2024-11-28,2623.7033361020076,-61.57392939866739,5280.6528069886945
2024-11-29,2933.59476006943,256.24840697589633,5812.941570979145
2024-11-30,2899.7056339832893,62.49909660448063,5737.298699016589
2024-12-01,2749.7939959763116,-92.61349281878478,5638.3820023776
2024-12-02,2907.898630743405,307.59888961818905,5564.116518609547
2024-12-03,2938.422374106168,265.24490577786247,5674.522653494235
2024-12-04,3044.1139408417985,468.06088992000906,5739.926146837156
2024-12-05,2985.33091320123,121.97177939599243,5645.1845132774
2024-12-06,3292.9535309731095,704.5700451619217,6169.358365638391
2024-12-07,3252.3340879767948,601.6611546738951,5864.713304122547
2024-12-08,3090.546891315365,407.31883056433765,5673.907882423882
2024-12-09,3230.515841572462,647.0868508327108,6019.898635821848
2024-12-10,3237.790647085613,525.2782424190962,5982.084878424144
2024-12-11,3314.7132321126433,740.3447297566831,6021.662141036512
2024-12-12,3222.435581151382,474.35683509845046,5899.178287668533
2024-12-13,3490.7395671885306,883.056332373732,6301.16126597799
2024-12-14,3407.129145367791,700.1332820175218,6205.802892154922
2024-12-15,3198.4975457517826,397.66213905422484,5811.8253581861245
2024-12-16,3287.153373810708,531.6752952428468,5965.963834054284
2024-12-17,3240.2841258914427,507.12309765863023,5884.672888402877
2024-12-18,3260.3011564697485,622.9763529015265,5955.943519704264
2024-12-19,3109.60596725093,301.3730358144967,6017.496341846374
2024-12-20,3317.3093233441914,593.1500302752358,6153.715490075478
2024-12-21,3173.459233663438,439.67265915002633,5997.518315971557
2024-12-22,2905.1182141889644,405.0328200514611,5606.260929720797
2024-12-23,2934.2807279080694,227.36562946383367,5744.05835645283
2024-12-25,2794.9896372775834,313.6145912189533,5477.886907369389
2024-12-26,2592.9625398939015,-4.801602858969666,5426.626871492984
2024-12-27,2752.4134497707614,270.7979532077144,5247.301630478807
2024-12-29,2260.5104071484807,-330.3754379327087,4917.64859601936
2024-12-30,2257.736558699677,-313.7515245440589,4947.503390486332
2024-12-31,2128.231085749677,-678.1349072652674,4953.867000576786
2025-01-01,2074.5302773670255,-783.5379920791357,4661.355303911956
2025-01-02,1861.3010504374236,-804.5724936356413,4610.54956642485
2025-01-03,2015.8523499908297,-497.4971795542534,4836.084537270358
2025-01-04,1832.6321333255933,-854.3270164144426,4397.168895765058
2025-01-05,1538.126311986195,-1233.0813457454167,4429.9481997040775
2025-01-06,1552.5648253422798,-1268.8192968759195,4325.658550111886
2025-01-07,1447.436530397339,-1113.7303327675356,4101.366057454204
2025-01-08,1424.3650254855756,-1217.1225307979837,4073.9303800087096
2025-01-09,1248.121739941586,-1531.9750190250277,4196.744711501961
2025-01-10,1444.0511477650978,-1312.0512477569057,4296.991255257582
2025-01-11,1307.7214668312745,-1384.120453108127,3867.124442648144
2025-01-12,1064.2548285131204,-1513.54233702486,3606.8800866492406
2025-01-13,1131.948812656392,-1558.8991743825327,3812.7449352573863
2025-01-14,1082.4983331548542,-1562.5517344342143,3868.1320326953983
2025-01-15,1116.0722104836375,-1693.3973647698797,3782.1738563063686
2025-01-16,997.0990696774625,-1729.7257700889097,3811.735340396329
2025-01-17,1248.617997651357,-1458.8491233374132,4114.578242255717
2025-01-18,1167.0925404338032,-1392.9778955719692,4182.040652584646
2025-01-19,976.1793250216452,-1819.2439215471295,3628.04054362295
2025-01-20,1092.2696609342624,-1587.3014151470113,3959.6009308638154
2025-01-21,1087.420204982413,-1596.061513613499,3777.6282615977266
2025-01-22,1160.6291087540023,-1671.973105028471,3899.454474239674
2025-01-23,1076.3905307864015,-1708.6548634456465,3711.6628716296655
2025-01-24,1355.9635372551882,-1192.8006031051582,4011.832775067132
2025-01-25,1297.3392839040148,-1491.62691133139,3905.1003608346837
2025-01-26,1123.4352359703626,-1444.2227071507273,3868.325301685286
2025-01-27,1249.5414902218236,-1588.57284058907,4011.5562171209363
2025-01-28,1248.9427021155307,-1299.1083184133777,3796.67120489424
2025-01-29,1320.374507402879,-1409.1524126034,3966.9586997610886
2025-01-30,1229.326007187349,-1452.4522862227873,4048.3856037910173
2025-01-31,1496.2054200221671,-1443.7950912206425,4040.8171562033685
2025-02-01,1421.4386299099237,-1398.40950024211,3969.116990461637
2025-02-02,1228.067403774196,-1473.223454300541,4038.607986185348
2025-02-03,1331.0796028885657,-1372.4723596297752,3867.4825262755007
2025-02-04,1305.7028538050415,-1526.7922892562028,4182.433759484592
2025-02-05,1351.0235578262807,-1243.4874193186665,4132.290875942049
2025-02-06,1234.0219772434293,-1396.1692793719549,3940.1449207377573
2025-02-07,1474.622012301325,-1163.6359598812064,4327.876357673111
2025-02-08,1375.911600233088,-1319.6760617976015,3892.4785730980475
2025-02-09,1161.138817717871,-1522.9568683518291,4182.338602101834
2025-02-10,1244.9234778029288,-1369.4744951555354,3933.221674118885
2025-02-11,1204.2237637624467,-1580.344848439395,4149.411105509491
2025-02-12,1238.1227864736645,-1404.3678159843225,3902.208225437354
2025-02-13,1114.60489182726,-1694.8956331077104,3804.2816739278715
2025-02-14,1352.5016634767721,-1327.3479376626128,4078.9061953999817
2025-02-15,1256.849480794847,-1386.4417445881315,3910.9978591991826
2025-02-16,1050.301658265676,-1541.910830395914,3647.2919617069642
2025-02-17,1146.2419805133854,-1540.138354106022,3948.738671424423
2025-02-18,1122.4467393365007,-1608.4557651305129,3805.9867700835157
2025-02-19,1177.0625969962111,-1706.626766217633,4060.7699195538275
2025-02-20,1078.148578690066,-1497.0524908228397,4009.864042482692
2025-02-21,1342.5428327668926,-1509.8909014832298,4058.823685641788
2025-02-22,1276.3812999073994,-1463.7701071112301,3881.184982978907
2025-02-23,1100.9486233701289,-1646.1652821472123,4050.0172959400124
2025-02-24,1227.7145244528058,-1539.0507254599672,3930.415440859571
2025-02-25,1234.7097426548003,-1495.2053222965733,3835.6311581355167
2025-02-26,1318.7107903918536,-1417.6411693722143,4060.119795410095
2025-02-27,1247.5598624952104,-1573.314107143404,4026.639476660357
2025-02-28,1535.9608790434943,-1202.777993634191,4364.842619527505
2025-03-01,1491.1638270271567,-1164.2913178494368,4204.8741003424675
2025-03-02,1333.2548860175607,-1419.7897220062564,3990.2551491910926
2025-03-03,1472.111928340662,-1125.0388952730232,4138.8703621897985
2025-03-04,1486.486554493297,-1211.2436031885102,4250.624066668244
2025-03-05,1572.3840179543658,-1162.2548808975687,4250.373597652157
2025-03-06,1498.1457025867012,-1156.568820054619,4310.058750546234
2025-03-07,1777.1558567648008,-915.5420371533555,4477.2740503321775
2025-03-08,1718.6702499892692,-781.3143909941888,4343.78803105644
2025-03-09,1542.521944308821,-1234.2645076972121,4273.44625986874
2025-03-10,1657.9707551942313,-1000.204647458654,4182.766541972269
2025-03-11,1645.4652889580075,-783.9967564940043,4343.856245821644
2025-03-12,1701.1917099174188,-1115.6728657566284,4435.955553792701
2025-03-13,1594.892929093027,-1143.3359960351731,4378.071321992671
2025-03-14,1839.461341605161,-978.9972541333714,4638.983417826906
2025-03-15,1746.8889489856351,-877.8017074631939,4453.20365935009
2025-03-16,1537.3683904273873,-1078.1467970493104,4183.69952865484
2025-03-17,1620.0190034290094,-1086.4780012406245,4325.29658264515
2025-03-18,1577.3150103132248,-1092.8524719603713,4335.212339245199
2025-03-19,1605.7931738758161,-1112.857230957277,4284.714243833266
2025-03-20,1476.60293015168,-1229.575298477922,3907.094055068689
2025-03-21,1701.9837245689996,-1050.4874680395762,4456.263607679822
2025-03-22,1596.3396172285331,-964.2957269437782,4467.422727108308
2025-03-23,1379.742953023556,-1341.096388313284,4230.723247308599
2025-03-24,1460.5485848174849,-1182.7319290597254,3953.331194617498
2025-03-25,1422.5036639568102,-1226.7988324188607,4048.8800695299774
2025-03-26,1461.6331335712894,-1375.7073333127087,4184.243613584537
2025-03-27,1349.5427554291305,-1217.0285678145187,4254.634805180339
2025-03-28,1596.805419622551,-1059.352888682476,4411.721500613127
2025-03-29,1519.1863891222968,-1074.1768535806673,4219.017249194458
2025-03-30,1335.57685351074,-1337.1360511845899,3970.8917810052976
2025-03-31,1452.5239237101644,-1203.1270330827977,4063.7986907135137
