ds,yhat,yhat_lower,yhat_upper,actual_sales
2014-01-01,13224.33,2203.01,24760.28,4616.024715163514
2014-01-02,12168.92,737.76,23208.09,5229.325969295778
2014-01-03,12116.9,672.66,23894.92,6642.3916285128535
2014-01-04,11450.09,143.8,21882.96,7914.989608769246
2014-01-05,12144.26,1302.39,23377.43,12075.021765669366
2014-01-06,11234.26,-573.34,22857.86,9975.209726363464
2014-01-07,12728.83,1447.54,23574.74,7730.525963684504
2014-01-08,13568.79,2670.16,24904.83,4440.9808803578
2014-01-09,12552.14,934.51,22935.64,13676.794255195606
2014-01-10,12604.65,2654.25,23942.15,10806.731151652395
2014-01-11,12039.62,579.74,23189.01,7357.556985777523
2014-01-12,12831.51,2577.2,24404.46,6069.862883032022
2014-01-13,12013.01,993.35,23076.71,20182.318757324065
2014-01-14,13591.84,1917.37,24848.14,19505.43947890583
2014-01-15,14506.67,3670.06,25808.21,12059.177953316388
2014-01-16,13553.73,2847.57,25774.48,12914.426523248985
2014-01-17,13657.86,2612.11,25308.52,2518.1173721262517
2014-01-18,13130.83,1812.26,24308.8,11555.385459495457
2014-01-19,13946.41,3336.91,25924.55,9860.975032648505
2014-01-20,13147.47,2375.14,24619.76,18439.965352483297
2014-01-21,14707.57,3257.69,25678.41,33390.917041702625
2014-01-22,15599.06,4439.31,26814.63,33519.61343650147
2014-01-23,14606.67,3693.82,25867.66,24083.27229743664
2014-01-24,14656.27,3678.69,25762.37,19677.31653618118
2014-01-25,14060.17,2167.82,25407.3,19113.841405347164
2014-01-26,14793.67,2645.13,25714.88,7231.698069695072
2014-01-27,13889.16,3315.81,25485.24,1839.5910355338206
2014-01-28,15357.02,3952.1,26022.94,16073.039020622331
2014-01-29,16136.74,4016.38,26278.48,2742.7112182967235
2014-01-30,15026.47,4492.77,25940.54,7318.622471203168
2014-01-31,14954.97,3795.29,25997.04,5028.558462271152
2014-02-01,14236.68,3050.07,25038.36,11395.030177993354
2014-02-02,14849.7,4131.56,26511.7,15136.836048056475
2014-02-03,13828.35,3101.44,24996.45,26663.24491688385
2014-02-04,15186.01,4141.24,25910.89,4456.396998008155
2014-02-05,15863.81,4759.3,27190.93,38628.54852927795
2014-02-06,14661.66,3869.09,26612.04,13325.603579765459
2014-02-07,14510.45,3077.66,25674.71,23519.24367720376
2014-02-08,13725.73,3018.79,25450.23,8842.975737945748
2014-02-09,14286.9,3261.33,24655.18,39031.30165436129
2014-02-10,13228.4,1875.11,24708.52,18311.737741114568
2014-02-11,14564.51,3034.07,26044.31,6804.068393023922
2014-02-12,15235.62,3699.27,26088.18,3466.3802060107573
2014-02-13,14040.85,3754.57,25540.9,16153.546838096747
2014-02-14,13910.59,3005.98,25346.16,9373.806393606726
2014-02-15,13158.74,1455.7,24483.94,17897.44134043723
2014-02-16,13763.39,2362.91,24965.39,20290.50387206672
2014-02-17,12757.38,1569.13,22917.83,16420.382751927802
2014-02-18,14150.92,3157.13,25416.23,19287.2038466737
2014-02-19,14884.16,3500.44,26175.78,20775.661441831584
2014-02-20,13752.72,2473.61,24248.86,1408.2470888042756
2014-02-21,13685.11,2100.96,24649.43,25154.428727230086
2014-02-22,12992.55,1690.73,24175.34,8219.182879432969
2014-02-23,13651.23,2015.25,24488.31,5946.649112840102
2014-02-24,12690.58,1376.99,24247.42,32590.06825516089
2014-02-25,14122.29,3029.17,25852.37,18712.78568383711
2014-02-26,14881.93,3324.41,25732.58,23816.03436056749
2014-02-27,13764.67,2639.3,24479.33,9420.119538819717
2014-02-28,13698.78,2351.26,24806.78,1157.20784943657
2014-03-01,12994.92,1901.7,23295.58,1942.8075111410024
2014-03-02,13629.76,2384.34,24698.44,4271.780909410005
2014-03-03,12632.77,2448.01,23024.4,9827.536027466247
2014-03-04,14017.37,3510.12,25466.84,26216.703141373957
2014-03-05,14719.96,3657.18,26657.4,15627.33776573553
2014-03-06,13537.28,2834.93,25548.99,642.4960290408402
2014-03-07,13400.19,2890.35,24795.23,19316.204168685515
2014-03-08,12621.36,1005.95,23606.32,10957.368708663756
2014-03-09,13180.33,2188.41,25427.05,5592.160832777184
2014-03-10,12108.69,1360.12,23912.85,2785.7410923512953
2014-03-11,13423.19,2159.53,24642.26,20617.51068357372
2014-03-12,14062.36,2351.38,24124.87,16477.674371679983
2014-03-13,12825.22,1440.14,24919.26,12827.631156337324
2014-03-14,12645.42,2174.29,24225.01,8469.075372354844
2014-03-15,11837.39,381.11,23669.82,8007.37533762944
2014-03-16,12382.67,949.85,23434.29,12787.967444094511
2014-03-17,11313.67,-150.54,23248.9,16938.96312880494
2014-03-18,12648.67,1980.61,24147.27,14833.648483336208
2014-03-19,13326.05,2139.09,24431.46,16870.769331607076
2014-03-20,12144.52,721.08,22910.44,13308.721669815053
2014-03-21,12037.6,1178.14,23807.84,7038.172701841462
2014-03-22,11318.34,627.41,22941.73,25261.445597190777
2014-03-23,11967.02,931.58,23010.63,1418.5606224733099
2014-03-24,11013.52,646.64,22633.1,16148.177195926446
2014-03-25,12474.39,770.65,22874.14,19819.902670995005
2014-03-26,13284.74,2798.23,24877.09,6946.981265591483
2014-03-27,12240.09,1389.48,23429.75,10206.784586340493
2014-03-28,12271.28,1525.82,22908.22,3354.960478897505
2014-03-29,11687.77,540.55,23705.26,2982.064888176704
2014-03-30,12466.92,396.46,22508.1,10363.912867265673
2014-03-31,11634.88,1105.7,22483.62,9580.798331885282
2014-04-01,13205.88,880.72,23884.49,7852.654746448692
2014-04-02,14111.74,2124.65,24440.37,46768.21819233053
2014-04-03,13145.32,2132.2,23855.24,15576.323550767442
2014-04-04,13235.95,2539.65,23430.73,15881.459596236753
2014-04-05,12691.24,2304.98,24120.31,7434.731632417432
2014-04-06,13487.84,2783.83,24276.94,10871.911697299045
2014-04-07,12650.9,537.27,23867.83,26578.21547530363
2014-04-08,14195.42,3200.16,25876.28,9923.244877953708
2014-04-09,15053.33,3416.22,26438.03,20320.502417767995
2014-04-10,14018.5,2678.77,24557.53,17344.446730204992
2014-04-11,14022.49,1989.55,25162.69,10640.496647873912
2014-04-12,13374.86,2247.91,24215.47,12427.534395088722
2014-04-13,14055.29,3807.42,26052.5,35954.51065488998
2014-04-14,13091.43,2019.62,23886.18,7733.843583653147
2014-04-15,14502.3,2926.2,25210.32,497.45109956530655
2014-04-16,15222.83,4111.97,27457.37,31723.064950408138
2014-04-17,14050.32,2771.77,24502.4,2460.234888494859
2014-04-18,13920.47,2965.23,25390.52,12401.772393969659
2014-04-19,13146.12,1510.41,23936.68,12398.121968896927
2014-04-20,13710.64,2570.19,25495.94,70.3495692909323
2014-04-21,12644.29,974.48,24369.97,20483.288200203166
2014-04-22,13969.51,2803.87,24362.89,20146.55501141976
2014-04-23,14623.01,3053.09,25593.41,24543.765579734052
2014-04-24,13403.7,2263.04,26402.25,4641.658939144114
2014-04-25,13249.05,1893.37,24534.12,5793.495297651238
2014-04-26,12472.27,1609.22,23471.05,9925.304971842823
2014-04-27,13057.16,1425.61,23720.26,7899.44270072596
2014-04-28,12032.94,1122.84,23295.23,10973.413482296039
2014-04-29,13421.61,2204.05,25122.54,26265.80764629277
2014-04-30,14157.66,2509.49,25059.03,7593.9853840671785
2014-05-01,13037.6,1410.57,24420.49,10801.244914793691
2014-05-02,12996.72,1775.71,24203.43,2813.4553710234527
2014-05-03,12344.89,618.53,23247.13,3510.565444588947
2014-05-04,13062.87,2421.43,25067.92,28074.955913426056
2014-05-05,12175.81,833.07,22688.62,4143.565114827882
2014-05-06,13702.66,2965.71,25046.71,2387.2716072920366
2014-05-07,14573.7,3373.92,26380.98,26145.551548089614
2014-05-08,13581.54,2454.89,24278.07,7877.242843945239
2014-05-09,13658.54,2751.0,24943.32,20226.68281147188
2014-05-10,13111.05,2511.39,23492.91,16480.262717305908
2014-05-11,13917.35,2246.63,24574.77,1587.412044453046
2014-05-12,13099.63,2668.1,24349.42,2869.759094635382
2014-05-13,14675.63,3398.4,25366.48,5741.957643853884
2014-05-14,15573.71,4224.25,26349.09,4397.497887782125
2014-05-15,14585.5,3371.46,26048.61,13666.87068495799
2014-05-16,14643.64,3124.93,25680.42,38661.59027005626
2014-05-17,14054.61,2305.35,24903.75,21219.818129924723
2014-05-18,14798.0,3361.55,26009.13,15997.554965894678
2014-05-19,13897.06,3224.64,25069.27,26748.948183789307
2014-05-20,15372.27,4009.05,26378.29,17783.905750165985
2014-05-21,16153.99,5022.15,27867.72,28173.10689283057
2014-05-22,15036.55,4360.41,25687.85,20529.884801099306
2014-05-23,14956.3,3806.08,25933.2,25966.34846284755
2014-05-24,14222.85,3375.91,25507.02,21204.765901279818
2014-05-25,14819.67,3826.77,26082.08,1749.133516152682
2014-05-26,13735.67,3717.49,25371.5,17537.530954461145
2014-05-27,15107.76,4279.35,25904.05,10933.41921338347
2014-05-28,15756.85,5112.89,27243.27,24507.826382997795
2014-05-29,14517.57,3669.21,25705.73,10851.869817214332
2014-05-30,14329.5,2245.99,25366.36,5698.011988383152
2014-05-31,13504.31,2287.76,24036.78,86.37371685418604
2014-06-01,14027.68,3659.52,24800.64,19682.086382269998
2014-06-02,12926.78,2245.73,24494.66,18120.21828516077
2014-06-03,14227.79,2884.91,25506.03,27791.207532674933
2014-06-04,14863.6,3044.8,26194.63,12344.985096982455
2014-06-05,13630.93,2315.2,24499.4,9150.587604140836
2014-06-06,13469.02,2101.44,24358.68,18423.365628555566
2014-06-07,12687.94,1968.47,24356.07,15376.641513438028
2014-06-08,13271.87,1905.46,24161.92,9396.857694161374
2014-06-09,12245.29,1572.08,22446.14,10756.248869331568
2014-06-10,13632.5,2082.87,25104.05,17290.553703463156
2014-06-11,14363.09,2790.66,25355.88,22196.504054941677
2014-06-12,13230.57,1868.22,24128.3,223.55005997789235
2014-06-13,13171.63,2050.28,24822.29,4477.308234289702
2014-06-14,12492.98,1103.8,22722.69,19370.537005831033
2014-06-15,13176.2,1980.82,24236.84,25914.103102360205
2014-06-16,12242.44,1682.24,23555.8,15725.110676182965
2014-06-17,13714.17,3661.03,25568.54,16548.170001417417
2014-06-18,14518.23,2804.52,26004.27,13121.581429300377
2014-06-19,13446.11,1747.31,24430.1,16160.221195087463
2014-06-20,13433.62,1375.39,23843.14,12041.58608511633
2014-06-21,12786.25,1832.85,23940.24,7222.866729382628
2014-06-22,13485.48,2514.03,25082.67,23884.03314746188
2014-06-23,12552.03,1089.01,23304.13,5839.431328032451
2014-06-24,14009.59,3569.62,24388.6,6317.983645565555
2014-06-25,14785.5,3732.29,26050.08,7021.097731351235
2014-06-26,13672.46,2899.44,25378.88,12457.432709182707
2014-06-27,13608.6,1945.66,23608.53,16696.255461774148
2014-06-28,12901.23,1455.39,23769.47,10313.060133305376
2014-06-29,13534.53,2569.55,24340.77,16310.138323848185
2014-06-30,12531.25,1848.83,23437.2,21306.046935722574
2014-07-01,13918.37,2141.04,26043.49,5651.245162329338
2014-07-02,14625.31,3971.42,26151.43,23244.039369069935
2014-07-03,13447.11,1520.46,23608.35,6614.582303710985
2014-07-04,13201.6,2329.55,24279.03,8318.28695562621
2014-07-05,12567.43,1858.58,23694.67,2424.0128491348464
2014-07-06,13161.45,1521.27,23736.99,13335.358758225731
2014-07-07,12130.53,695.15,23794.39,9826.325617987795
2014-07-08,13503.39,1652.83,25431.65,6207.528850761548
2014-07-09,14209.56,3319.03,25739.41,6623.041792647301
2014-07-10,13044.02,913.94,24088.88,19238.01841447133
2014-07-11,12947.93,968.38,24161.51,5558.859906923984
2014-07-12,12229.41,805.78,22634.54,2614.1714154800416
2014-07-13,12873.91,1389.35,24811.55,9132.350798441956
2014-07-14,11903.03,-177.8,22192.67,2670.143696489782
2014-07-15,13344.21,1293.5,24866.6,12276.238891766998
2014-07-16,14124.19,2564.62,25383.01,20885.392707817096
2014-07-17,13035.27,2365.16,23938.27,23606.015450395287
2014-07-18,13016.5,2315.69,23762.48,11958.8510986697
2014-07-19,12372.98,1663.36,23909.29,23616.42327018802
2014-07-20,13087.86,2154.89,24667.07,9187.21053230812
2014-07-21,12179.62,1324.03,23185.9,11370.914445061308
2014-07-22,13674.01,2370.01,25579.44,4797.072305090507
2014-07-23,14495.11,3411.39,25294.55,15082.160797159326
2014-07-24,13433.18,2277.4,24880.64,4386.054862082628
2014-07-25,13426.35,2359.61,24551.6,12256.974413340466
2014-07-26,12778.46,235.9,24486.6,25500.149091673116
2014-07-27,13472.44,2674.03,24640.69,4239.605611139717
2014-07-28,12526.25,1466.13,23244.22,12623.82292295348
2014-07-29,13966.79,2691.01,24001.83,18175.6874638277
2014-07-30,14718.56,4068.77,25854.57,8585.494352287533
2014-07-31,13573.07,2583.45,24879.73,8549.118666455593
2014-08-01,13470.81,2016.51,24956.57,10118.178499566051
2014-08-02,12717.58,1479.86,24172.64,5422.538261773662
2014-08-03,13299.26,2517.06,24684.93,4012.636710877295
2014-08-04,12236.12,820.92,23180.77,3961.4231164171006
2014-08-05,13558.79,2936.49,24508.9,32473.561953717726
2014-08-06,14194.37,3290.36,25527.69,6446.668491233845
2014-08-07,12937.31,1709.97,24400.35,9042.554657187931
2014-08-08,12731.65,1619.37,23671.12,28595.08301680979
2014-08-09,11885.8,121.19,22828.87,10429.27290030944
2014-08-10,12388.64,977.58,23757.85,19577.9526761829
2014-08-11,11262.26,705.56,22358.81,14281.626217478224
2014-08-12,12539.93,2024.94,23653.59,19979.67177346048
2014-08-13,13149.72,1939.13,24299.04,13663.531601768482
2014-08-14,11886.89,873.11,22911.42,4404.262794798458
2014-08-15,11696.48,767.46,22048.28,16464.80537674036
2014-08-16,10886.58,-727.29,21702.98,10380.84940381391
2014-08-17,11445.82,-422.67,22345.43,13968.817416978472
2014-08-18,10394.72,-1015.44,21206.33,9542.661150227013
2014-08-19,11765.6,-71.37,22998.59,4110.869206758649
2014-08-20,12484.0,2164.86,23746.67,9529.790452345354
2014-08-21,11342.52,844.83,21974.32,21043.724969192157
2014-08-22,11283.93,-230.87,22388.85,13452.17389476252
2014-08-23,10613.01,-472.07,21642.34,2608.751397152685
2014-08-24,11315.52,-610.56,21382.52,27532.746195533622
2014-08-25,10408.17,125.44,21958.69,12697.015334496144
2014-08-26,11920.69,921.76,22835.21,14783.101981275293
2014-08-27,12774.87,1354.11,23936.56,457.72043771773735
2014-08-28,11760.09,889.93,22686.43,11198.93572601049
2014-08-29,11816.84,1835.78,23319.67,217.75779424208324
2014-08-30,11247.16,5.08,23174.7,12539.582372247802
2014-08-31,12035.08,592.02,23813.32,4251.268101659129
2014-09-01,11142.29,-47.87,21495.4,6154.846798563992
2014-09-02,12756.8,1561.06,23785.22,7114.179596850098
2014-09-03,13640.54,2235.73,25094.19,4812.545061429165
2014-09-04,12635.49,679.71,23870.91,16180.290325568327
2014-09-05,12683.05,504.67,22788.65,2149.1175977127427
2014-09-06,12085.9,633.89,23501.77,11481.138412309396
2014-09-07,12829.8,1891.09,23858.63,18677.046447267036
2014-09-08,11930.65,1018.07,23412.78,7739.394678671251
2014-09-09,13420.62,2119.25,25387.93,11905.84862719636
2014-09-10,14222.3,3175.33,24549.77,8246.074571809466
2014-09-11,13127.26,2122.64,23515.17,26541.83018055815
2014-09-12,13080.28,1970.87,24107.88,23478.643324573648
2014-09-13,12386.64,1495.05,22909.89,17608.217468475894
2014-09-14,13035.35,1110.4,24287.16,28069.615651243887
2014-09-15,12044.57,447.61,24139.78,12617.73309106426
2014-09-16,13449.74,2963.31,24929.32,8846.5641230553
2014-09-17,14175.27,3285.67,25261.36,9709.815341006799
2014-09-18,13014.53,2193.89,24188.07,10871.068823825939
2014-09-19,12914.41,1943.88,24435.38,4412.970842206035
2014-09-20,12181.1,1642.63,21883.21,8537.406625892938
2014-09-21,12804.67,939.12,23244.07,7782.779602710102
2014-09-22,11803.03,368.61,23251.25,20638.518531464786
2014-09-23,13212.09,1524.35,23809.2,5609.4579061280965
2014-09-24,13955.04,2745.77,25163.11,18091.5953232647
2014-09-25,12823.9,1469.05,24585.88,5894.375237186821
2014-09-26,12764.51,1137.19,24516.15,14930.51046711547
2014-09-27,12080.89,1119.64,23507.47,4802.123039980253
2014-09-28,12761.24,2252.82,24703.62,5138.235261214813
2014-09-29,11820.55,506.67,22613.41,14712.772969540149
2014-09-30,13292.83,1912.47,24212.1,6319.238979234199
2014-10-01,14098.11,2462.54,24281.16,12071.602288244136
2014-10-02,13025.57,1632.81,23543.71,7997.067237913151
2014-10-03,13019.03,2524.61,23985.64,8750.292478539392
2014-10-04,12379.84,1729.83,23312.49,15235.932453254427
2014-10-05,13094.42,2011.63,24029.05,11145.126439878139
2014-10-06,12175.47,1668.28,22679.07,6824.11134312141
2014-10-07,13656.24,2683.8,24380.42,29560.908767380533
2014-10-08,14455.24,4105.83,25890.75,15057.85216313284
2014-10-09,13360.89,1974.39,23927.87,21221.240052443794
2014-10-10,13317.44,2149.34,24113.17,16150.311551984507
2014-10-11,12626.35,984.48,23969.33,16020.300782713413
2014-10-12,13275.29,2967.84,25061.41,28217.683557646404
2014-10-13,12221.43,1592.55,23072.0,3435.285671486466
2014-10-14,13669.55,1952.82,25103.44,17849.64149078078
2014-10-15,14370.75,3372.4,25196.42,12508.951766045695
2014-10-16,13172.07,2001.27,24243.15,4822.661595855608
2014-10-17,13020.99,2803.61,23824.29,33744.38857590908
2014-10-18,12221.65,1455.32,23169.38,2401.6049443924376
2014-10-19,12765.05,1389.04,24348.91,16591.48022082793
2014-10-20,11667.29,18.33,23413.07,2700.3566524912867
2014-10-21,12967.77,1219.7,24332.51,8240.106633575535
2014-10-22,13588.95,2149.85,23939.88,7642.91305791206
2014-10-23,12323.97,1078.16,23841.79,19483.751320161726
2014-10-24,12123.15,1634.63,23394.71,7514.651441740691
2014-10-25,11292.28,-218.32,22733.44,3411.222510376522
2014-10-26,11824.29,747.27,22981.02,25424.611174596743
2014-10-27,10735.84,-878.25,21176.71,9330.139967713862
2014-10-28,12067.63,725.05,23053.02,22616.95781517094
2014-10-29,12741.69,1726.69,23769.28,22846.767353639647
2014-10-30,11550.51,572.52,22660.26,16739.019467591726
2014-10-31,11443.95,820.0,23303.93,16664.68146673266
2014-11-01,10726.1,-677.2,21243.97,6394.634708769131
2014-11-02,11388.33,1010.01,22475.85,19114.387256970218
2014-11-03,10444.46,-485.33,22211.87,141.52623582505632
2014-11-04,11933.25,2039.03,22440.78,16930.653247220627
2014-11-05,12773.22,1382.93,23464.8,11138.284807152653
2014-11-06,11753.5,960.14,22746.85,24346.319466131703
2014-11-07,11821.14,610.73,22977.52,15402.490603965685
2014-11-08,11276.54,539.97,22801.22,4040.5288391761205
2014-11-09,12108.05,2366.93,23128.36,4613.595845019921
2014-11-10,11325.74,282.4,22567.73,8430.39878265261
2014-11-11,13023.38,2378.88,24117.84,14905.966700078689
2014-11-12,13943.78,2207.99,25984.28,7348.078601394548
2014-11-13,13045.64,1580.14,24266.31,17093.547439307826
2014-11-14,13216.9,2169.27,23502.96,8467.357078159512
2014-11-15,12755.86,1155.03,23795.78,6792.3492327181775
2014-11-16,13649.87,2927.3,24755.8,5351.694424146731
2014-11-17,12907.59,1624.04,24452.07,28666.333935913324
2014-11-18,14565.59,3550.42,25970.56,5002.460968353373
2014-11-19,15538.55,4578.91,26749.21,2126.587476818456
2014-11-20,14613.11,3937.27,26318.51,5637.204749593703
2014-11-21,14736.05,4253.31,25631.3,12101.925314187467
2014-11-22,14206.7,3501.23,26614.29,2470.2063656672944
2014-11-23,15014.38,3414.87,25912.21,3671.768657845246
2014-11-24,14169.2,3573.06,25021.74,11482.685686261639
2014-11-25,15710.6,4946.16,28036.09,468.6473457694171
2014-11-26,16555.11,5398.06,27689.75,25996.11902954558
2014-11-27,15656.98,5181.07,26319.44,9480.999636277485
2014-11-28,15469.97,4924.92,26755.69,20485.83100446231
2014-11-29,14791.73,3635.5,25896.88,10745.319453891343
2014-11-30,15449.01,3910.48,26516.81,20374.344674396307
2014-12-01,14453.77,3422.94,25954.69,13239.254369541963
2014-12-02,15848.31,3983.86,26901.04,5131.15390801321
2014-12-03,16550.61,5252.01,28199.7,13580.000161319951
2014-12-04,15351.12,4318.15,26124.15,42028.52949166797
2014-12-05,15201.62,5229.98,26675.48,16577.565456058575
2014-12-06,14404.62,3650.3,25167.12,26726.765537105428
2014-12-07,14953.49,3114.82,27012.32,26758.624542171136
2014-12-08,13860.31,2598.52,24701.11,18121.879001335874
2014-12-09,15168.46,3943.58,25976.1,17347.519009886266
2014-12-10,15795.53,4375.71,25752.77,6771.636829988155
2014-12-11,14531.66,2583.9,25459.56,17422.37866645882
2014-12-12,14328.86,3779.2,25087.1,8859.330207655818
2014-12-13,13488.9,2465.29,24458.31,1813.9136007765771
2014-12-14,14004.96,3122.99,24692.56,17414.38219380156
2014-12-15,12887.94,1578.55,23769.42,11746.854874809836
2014-12-16,14181.23,3383.21,25271.75,13694.97263087155
2014-12-17,14801.21,3353.15,25283.28,8815.750671341813
2014-12-18,13537.14,1895.5,24544.7,18720.019051242543
2014-12-19,13340.91,2685.34,24603.5,14791.687886457867
2014-12-20,12513.48,1216.7,23394.33,23710.16257060585
2014-12-21,13047.89,2361.66,23917.9,29542.53248138621
2014-12-22,11954.23,840.32,23405.04,24750.907262100704
2014-12-23,13276.33,2721.78,24304.29,19698.451335027406
2014-12-24,13929.92,3075.44,24995.24,10281.702068027937
2014-12-25,12580.54,1892.34,23536.59,3042.3331751784203
2014-12-26,12551.15,1857.27,23967.57,11151.902303449173
2014-12-27,11772.05,168.15,23291.68,6025.506483985111
2014-12-28,12360.29,1447.22,23094.28,9572.06943129666
2014-12-29,11325.62,-126.12,22726.33,19393.30791893862
2014-12-30,12712.73,932.36,23106.83,6782.019948069781
2014-12-31,13436.95,2648.83,25515.73,13164.98906997785
2015-01-01,12219.86,936.89,23165.86,3870.508266996178
2015-01-02,12216.21,493.33,23692.77,16718.039910368927
2015-01-03,11524.44,553.97,22254.6,23633.996639545865
2015-01-04,12205.36,678.72,22676.62,15395.155945015069
2015-01-05,11267.71,-448.01,22745.48,7881.509115684816
2015-01-06,12756.15,1090.2,24695.01,14290.810680764434
2015-01-07,13584.56,3132.99,25000.37,32416.04693667508
2015-01-08,12540.53,1121.06,24048.67,2795.4701331019705
2015-01-09,12576.22,1820.75,24374.78,32365.584804815488
2015-01-10,11990.23,1515.69,22936.21,983.4682168764577
2015-01-11,12774.89,2031.84,24686.37,36171.281072551516
2015-01-12,11936.79,219.34,23090.4,1340.8056707448127
2015-01-13,13519.61,2625.64,24661.18,18225.61851957027
2015-01-14,14435.01,2862.51,26088.16,5669.430093106284
2015-01-15,13468.69,1657.25,24283.85,16447.13066479548
2015-01-16,13571.72,1944.26,24678.67,10945.764459480077
2015-01-17,13040.91,1796.11,24274.9,11468.92664638189
2015-01-18,13867.66,2294.61,24094.91,4244.912330597843
2015-01-19,13068.5,1737.22,24226.87,13318.685487885492
2015-01-20,14652.26,3087.34,25631.16,18383.15359780261
2015-01-21,15564.21,4283.89,26896.11,13595.83514549809
2015-01-22,14578.05,3167.51,26249.55,6960.47593138776
2015-01-23,14645.4,3592.67,26141.45,28728.948539113022
2015-01-24,14063.25,3424.55,25048.02,13503.89411757239
2015-01-25,14824.08,4059.37,26090.81,15694.657310394821
2015-01-26,13933.49,2442.88,24663.32,43718.47253702989
2015-01-27,15437.07,4037.88,26453.61,11807.049314022644
2015-01-28,16246.62,5336.07,27690.18,17608.598271616473
2015-01-29,15149.17,4238.29,26737.82,7785.513446921552
2015-01-30,15099.02,4346.71,25394.56,26393.21015225828
2015-01-31,14395.21,2785.75,25926.53,13519.175766073302
2015-02-01,15033.01,3843.65,26090.09,4984.971573090551
2015-02-02,14019.97,3513.84,25413.6,4378.170428388597
2015-02-03,15404.87,3291.15,26139.02,11581.562877038492
2015-02-04,16101.33,4244.82,26351.22,23201.662286237297
2015-02-05,14898.42,3758.92,25984.98,11802.871802950309
2015-02-06,14752.97,2932.26,25860.61,14480.311506869577
2015-02-07,13965.47,2146.47,25015.96,32330.38319597622
2015-02-08,14532.99,3919.89,25611.67,16343.081675267502
2015-02-09,13463.67,2702.99,23455.68,13676.41889414908
2015-02-10,14807.69,3070.98,26261.0,5161.040307453328
2015-02-11,15478.46,4051.19,27280.22,3659.378873931662
2015-02-12,14264.74,2936.55,24316.45,4398.1851749601765
2015-02-13,14123.36,3103.65,25128.22,5608.478097770401
2015-02-14,13353.63,2106.04,23858.78,29819.40817281429
2015-02-15,13951.66,1939.63,24824.73,11807.869159325739
2015-02-16,12924.35,1623.19,24310.08,8263.73924092443
2015-02-17,14318.07,3479.19,25570.3,23935.261381094388
2015-02-18,15046.18,4281.56,26183.55,3557.951038069529
2015-02-19,13894.05,1683.81,25031.83,32597.56519767365
2015-02-20,13816.6,2480.75,25553.07,15431.5382572296
2015-02-21,13110.41,1495.09,24649.11,2566.1214444841316
2015-02-22,13769.52,2563.17,24881.6,27572.105162825075
2015-02-23,12797.17,933.29,23045.37,24719.639123131336
2015-02-24,14240.88,3563.83,25474.11,10997.698271712705
2015-02-25,15009.02,3988.61,26187.78,26643.500135059454
2015-02-26,13886.05,2780.19,25379.28,17514.302350905604
2015-02-27,13826.17,2920.81,24948.56,12254.733604914158
2015-02-28,13124.85,2225.31,24214.44,5822.702692325564
2015-03-01,13776.06,2868.47,24298.65,7072.7120036216875
2015-03-02,12782.55,1763.27,24165.73,8047.333228342297
2015-03-03,14193.02,3053.89,25020.24,49892.48732827724
2015-03-04,14916.2,3724.12,25969.78,21219.67797255712
2015-03-05,13737.68,3187.64,25227.4,29440.791240469032
2015-03-06,13613.83,1919.46,25573.41,1411.1642187759019
2015-03-07,12841.85,1699.32,23642.91,15781.754196973896
2015-03-08,13418.35,2527.64,24175.31,22835.15671131977
2015-03-09,12348.06,373.33,23244.99,10283.360739511363
2015-03-10,13682.98,3432.15,24754.09,24479.5857539908
2015-03-11,14334.04,2768.85,25166.62,8692.410648522033
2015-03-12,13089.25,2734.81,24843.41,2330.9593393526015
2015-03-13,12908.07,1826.63,24403.04,18036.087802336264
2015-03-14,12089.77,657.42,22778.13,13590.602425502564
2015-03-15,12633.42,667.13,24431.9,9124.586398639685
2015-03-16,11545.06,464.9,22804.86,6943.858700247352
2015-03-17,12878.77,539.75,23498.85,4026.816573860984
2015-03-18,13545.93,3017.9,25168.08,6560.69415268591
2015-03-19,12334.87,475.27,23509.42,9025.41778511795
2015-03-20,12205.54,1092.69,23582.6,1035.0872139098392
2015-03-21,11456.44,-516.56,23228.54,13019.753516551085
2015-03-22,12085.99,1859.12,23270.29,8591.153658870953
2015-03-23,11098.2,68.61,22194.36,5688.048691060604
2015-03-24,12545.95,811.41,23290.42,9366.935720312493
2015-03-25,13337.72,2916.63,25100.97,7349.350960275604
2015-03-26,12258.95,1452.18,23837.7,2998.132747180979
2015-03-27,12267.14,1492.18,23384.64,5615.455323979128
2015-03-28,11657.31,923.88,23078.64,2152.1688027879945
2015-03-29,12424.92,917.78,23617.46,8451.170287539677
2015-03-30,11570.19,166.89,22599.46,1670.444601595581
2015-03-31,13143.39,2234.4,24208.52,2676.959231722635
2015-04-01,14049.4,3286.33,24841.8,20482.539561238907
2015-04-02,13070.57,1720.71,23629.76,30079.441534799298
2015-04-03,13162.35,1795.34,24881.19,29703.124098793753
2015-04-04,12617.34,1302.76,23276.1,12931.666371526404
2015-04-05,13429.63,2506.45,25248.66,3148.2375888019137
2015-04-06,12597.73,854.31,23824.43,7280.5020201272055
2015-04-07,14171.98,2963.17,24813.68,5452.16121234906
2015-04-08,15056.66,3982.67,25530.03,5287.883317634796
2015-04-09,14034.42,3161.7,25890.65,30777.72671408363
2015-04-10,14062.3,2583.22,25369.29,9022.180130078737
2015-04-11,13434.22,1308.83,24094.11,5443.404655866363
2015-04-12,14146.75,3135.44,24513.94,12456.27576922064
2015-04-13,13200.5,2826.13,24167.71,302.93550481200737
2015-04-14,14649.45,4213.87,25726.47,18458.688812716053
2015-04-15,15400.64,4498.32,27691.17,7634.513936725424
2015-04-16,14240.05,2728.29,25130.33,26456.517761054445
2015-04-17,14128.85,3971.85,25924.95,15173.363912833103
2015-04-18,13364.37,2894.79,24621.33,13985.718597988565
2015-04-19,13947.13,2975.7,24756.76,2733.317890482956
2015-04-20,12880.68,1655.86,22912.83,17197.510547891507
2015-04-21,14222.9,3907.35,25213.24,16385.78120850165
2015-04-22,14883.18,3828.79,25978.9,12800.740872778795
2015-04-23,13649.73,2710.22,25701.23,19148.224763737406
2015-04-24,13486.17,1754.11,25347.64,24120.52840407934
2015-04-25,12690.97,679.82,23293.69,5245.482301407396
2015-04-26,13265.81,1583.94,24647.3,2829.4944501237687
2015-04-27,12213.97,984.67,23695.82,14460.983771980578
2015-04-28,13593.63,2089.34,25139.08,15857.38837127422
2015-04-29,14312.67,4323.54,25732.0,35944.523181918754
2015-04-30,13157.53,2859.81,25106.71,31709.193261964567
2015-05-01,13090.23,2429.03,23967.88,2741.9994574309408
2015-05-02,12406.36,1619.92,24073.03,8421.42747130501
2015-05-03,13104.95,1415.18,23786.73,3811.409863152171
2015-05-04,12185.45,131.62,23775.51,13179.879051798747
2015-05-05,13703.15,2845.45,24659.35,17634.57913746839
2015-05-06,14561.69,3412.9,25775.8,4693.6369270832865
2015-05-07,13543.54,2430.11,25324.26,9317.782057593191
2015-05-08,13607.51,2734.34,24439.19,9359.527910984136
2015-05-09,13045.35,2107.92,24489.44,14350.095794514178
2015-05-10,13853.12,3022.7,25289.34,19336.908861317952
2015-05-11,13026.78,2554.62,24478.76,16862.494251722812
2015-05-12,14619.77,3701.83,25658.69,34241.43860481424
2015-05-13,15533.13,4521.63,26940.85,16122.127086088396
2015-05-14,14547.59,3102.3,25477.79,15851.778265179792
2015-05-15,14621.51,3362.86,25157.16,15195.371019266537
2015-05-16,14046.0,2692.61,24738.11,8695.892875153702
2015-05-17,14817.71,3905.3,26161.48,8922.40270268168
2015-05-18,13932.95,2567.21,25349.82,7779.740184655886
2015-05-19,15447.26,3592.74,26930.88,27503.40679710124
2015-05-20,16263.13,4880.82,27891.3,3990.655179909901
2015-05-21,15163.51,3779.61,26061.58,8083.31991732239
2015-05-22,15110.11,4002.75,26138.86,10698.742756123796
2015-05-23,14396.9,2621.7,25573.36,3448.960233602047
2015-05-24,15024.29,4424.71,26094.25,8235.895246741615
2015-05-25,13953.9,2513.02,24744.2,8213.983657253204
2015-05-26,15358.8,4027.66,25545.4,9658.013292628068
2015-05-27,16031.25,4791.18,26925.14,20303.222411436887
2015-05-28,14795.17,3408.33,25519.85,7348.704507549244
2015-05-29,14615.95,3550.38,26367.27,5427.13643942238
2015-05-30,13790.12,1268.37,25133.1,9594.5179218335
2015-05-31,14320.92,3250.84,26452.39,9812.791676513983
2015-06-01,13209.18,1937.85,24988.85,7006.56670995256
2015-06-02,14516.95,4593.09,25973.93,15686.209556154972
2015-06-03,15150.17,4538.43,25868.23,35244.70135251252
2015-06-04,13895.2,2677.84,25680.66,16690.780549070292
2015-06-05,13717.79,2697.17,24763.71,20338.54270021031
2015-06-06,12913.48,2008.28,23972.3,1835.1298118588047
2015-06-07,13484.6,2283.95,24328.45,15740.30786411157
2015-06-08,12429.8,1667.33,23703.58,19050.309119659192
2015-06-09,13809.64,1975.08,24463.24,3292.550219407536
2015-06-10,14527.08,3964.84,25754.12,5379.768733833279
2015-06-11,13365.49,1296.44,24206.8,12932.472518615548
2015-06-12,13288.16,1909.06,24591.12,17503.52240394368
2015-06-13,12587.25,2015.82,24633.8,14549.8336587221
2015-06-14,13262.35,2211.48,24024.48,16810.861443859645
2015-06-15,12308.56,1045.41,22613.95,39750.06756262969
2015-06-16,13784.27,3336.38,24972.98,5550.098592319602
2015-06-17,14589.28,3450.35,25772.9,3520.292466214111
2015-06-18,13504.44,2245.85,25439.3,11750.16152351121
2015-06-19,13491.59,2274.54,24232.18,15154.412741589165
2015-06-20,12841.11,2062.88,23807.37,5462.3178092997705
2015-06-21,13551.86,2069.07,25003.26,10366.288097209868
2015-06-22,12617.86,955.64,24505.51,13558.556834052732
2015-06-23,14098.16,2171.64,24981.3,3483.3596662556693
2015-06-24,14892.43,4060.69,26678.0,12165.006997569217
2015-06-25,13782.25,3073.17,25066.66,44400.468529597616
2015-06-26,13731.28,2877.83,25057.36,6325.88276944054
2015-06-27,13031.36,1549.88,23914.75,9053.070228740431
2015-06-28,13683.73,2511.58,24750.29,14769.879002865717
2015-06-29,12684.27,1636.18,24439.72,3442.8046197997933
2015-06-30,14095.19,3809.83,24919.1,15283.596994983418
2015-07-01,14818.28,3971.06,26638.63,16708.388939587447
2015-07-02,13637.55,1844.56,25408.8,20381.03347970725
2015-07-03,13608.67,2825.78,25079.84,28156.26515781701
2015-07-04,12634.61,1304.76,23291.59,4596.115500161915
2015-07-05,13358.71,1563.98,24409.43,7685.550312081501
2015-07-06,12316.54,1280.82,23389.82,9604.72350630333
2015-07-07,13696.86,2904.72,24444.32,10109.574087894287
2015-07-08,14402.11,3467.72,24777.11,7953.47345241032
2015-07-09,13216.82,2382.9,23827.08,7925.249292492817
2015-07-10,13108.52,2753.56,24606.35,11235.97605322717
2015-07-11,12370.69,1056.61,23555.13,20875.441040767222
2015-07-12,13006.81,2596.59,23790.42,19635.733815205647
2015-07-13,12012.56,693.77,22931.84,19357.021267679123
2015-07-14,13451.56,2294.53,24132.38,10074.939628648504
2015-07-15,14223.83,3716.51,25086.52,25513.49283556163
2015-07-16,13111.5,2330.55,24030.33,29605.073533581144
2015-07-17,13080.14,2172.01,24715.1,18552.02726565997
2015-07-18,12420.32,1658.8,23530.32,13656.915630304857
2015-07-19,13133.17,2070.86,24135.67,10897.70110663931
2015-07-20,12211.1,742.4,23712.8,1703.3024224382746
2015-07-21,13715.83,3192.42,24961.41,17126.61160779981
2015-07-22,14544.37,4053.58,25775.53,4113.966811748451
2015-07-23,13476.4,1633.51,23499.7,23208.27387040647
2015-07-24,13476.09,1596.54,25119.72,3004.60038949357
2015-07-25,12832.17,1789.27,23689.15,13333.397085937384
2015-07-26,13544.99,2425.75,24259.39,18702.148413409406
2015-07-27,12605.81,1212.73,23591.35,13598.23512020466
2015-07-28,14076.87,3131.57,26093.75,7520.5813162141785
2015-07-29,14855.0,2846.92,26046.3,22790.599536175167
2015-07-30,13720.53,2225.87,24445.88,21692.309626777544
2015-07-31,13639.44,3176.71,24573.81,23722.30489637398
2015-08-01,12901.98,1344.08,23736.8,27887.683678210455
2015-08-02,13510.99,2438.34,23776.52,16506.636929385124
2015-08-03,12459.79,1616.91,22903.43,16924.816294927245
2015-08-04,13814.08,2254.18,24708.94,30496.150660690888
2015-08-05,14473.22,3625.51,25330.31,5146.776215865086
2015-08-06,13220.46,2377.02,24576.59,1140.5895967367344
2015-08-07,13025.46,1984.28,23942.22,12653.610933507
2015-08-08,12181.26,1079.31,22884.45,8302.842371951012
2015-08-09,12694.06,1748.17,23690.33,4181.536906115722
2015-08-10,11559.39,953.47,23135.92,20005.43815057857
2015-08-11,12846.09,1437.75,24300.88,13004.80271717035
2015-08-12,13455.05,2658.23,25430.19,3594.215092043009
2015-08-13,12170.96,790.64,23145.86,11076.248135718499
2015-08-14,11965.12,1306.94,23676.41,4933.941867259046
2015-08-15,11130.93,-228.24,21730.89,13288.236991993646
2015-08-16,11675.02,565.76,22857.9,7082.924159656184
2015-08-17,10591.95,-429.3,22162.14,18481.73091900111
2015-08-18,11950.31,1095.71,23085.49,32032.266115324033
2015-08-19,12648.95,1028.28,23616.82,2659.939102120437
2015-08-20,11470.41,34.67,23256.78,13188.267305494517
2015-08-21,11384.14,518.67,22054.34,10134.209935405011
2015-08-22,10680.52,-714.06,22512.56,20908.409639555677
2015-08-23,11363.52,-191.01,22672.44,14352.509420848568
2015-08-24,10424.0,-1077.24,21635.55,2686.989701243897
2015-08-25,11927.92,1032.96,23170.88,11971.840243193334
2015-08-26,12770.29,2089.37,24010.7,3725.254385730247
2015-08-27,11730.16,480.53,22145.13,7633.137917709413
2015-08-28,11774.38,581.56,21721.63,4678.796464013572
2015-08-29,11190.17,-379.09,22744.44,23749.27176581894
2015-08-30,11979.27,219.72,23274.99,2675.10537897621
2015-08-31,11129.87,-97.89,22048.02,11707.683053446872
2015-09-01,12706.85,1240.76,23641.72,17806.6301676182
2015-09-02,13603.44,2589.14,24489.26,13834.732860206275
2015-09-03,12597.74,-220.28,22523.13,7096.955096412664
2015-09-04,12656.85,2109.99,24607.52,20452.023185397346
2015-09-05,12068.01,1064.78,24022.13,14089.00005655814
2015-09-06,12834.1,1907.56,23817.37,7061.061499340658
2015-09-07,11890.7,1475.64,23612.53,16603.054999412187
2015-09-08,13465.27,2898.21,25377.19,5170.684624581532
2015-09-09,14292.47,3940.52,26054.01,26476.48989436445
2015-09-10,13206.0,2280.04,23854.32,6450.197007575603
2015-09-11,13176.17,2232.81,24508.04,14544.071595001144
2015-09-12,12492.76,1409.64,24170.51,8877.934390605345
2015-09-13,13161.93,2369.11,24849.94,3490.889779826414
2015-09-14,12175.06,625.16,23552.69,12156.713403660608
2015-09-15,13602.98,2014.97,24153.17,11190.515210060667
2015-09-16,14342.66,2691.42,25420.51,25902.07095971462
2015-09-17,13176.64,1304.18,24171.67,10990.239023547058
2015-09-18,13077.82,2184.25,24859.58,17446.004391306084
2015-09-19,12337.44,1942.12,23251.57,8017.764525173345
2015-09-20,12963.3,1955.26,24126.95,567.3049809671141
2015-09-21,11947.14,1398.96,24277.4,2980.7453372937543
2015-09-22,13360.85,1682.79,24639.86,26099.315595143467
2015-09-23,14100.77,2429.89,25165.02,3115.9674614614323
2015-09-24,12948.65,2051.84,24112.77,23878.12737618471
2015-09-25,12876.84,1049.59,24279.77,22145.046914394778
2015-09-26,12174.86,724.09,24284.18,2637.409827453308
2015-09-27,12848.99,1525.77,23032.29,12649.02138141741
2015-09-28,11888.33,691.27,23655.82,21275.521345167654
2015-09-29,13363.05,2404.22,24130.37,20640.308095022538
2015-09-30,14166.42,3328.29,25521.35,20647.259854436044
2015-10-01,13077.3,1660.41,24225.09,12127.398051998449
2015-10-02,13065.91,2036.3,24948.53,14145.898929276245
2015-10-03,12418.86,1477.63,23053.23,15028.659048070069
2015-10-04,13140.36,2492.57,24582.23,35907.35677667592
2015-10-05,12216.77,1663.53,23701.35,1330.2787045416826
2015-10-06,13717.07,2573.22,24908.93,9924.221026925117
2015-10-07,14532.43,2926.47,25106.44,3494.2097761726413
2015-10-08,13440.43,2297.41,25021.81,10229.471492503617
2015-10-09,13411.08,2266.5,25256.22,6147.83745670067
2015-10-10,12730.52,1594.89,23621.73,6886.33071857417
2015-10-11,13403.57,1822.7,25144.42,765.3892038375108
2015-10-12,12360.04,823.48,23473.42,14704.121780206213
2015-10-13,13841.38,2499.86,24494.53,17684.144054746477
2015-10-14,14569.39,4095.82,26503.9,6654.147248314537
2015-10-15,13380.37,1812.88,23897.73,4319.451094156112
2015-10-16,13247.26,2190.72,23956.44,5879.168744312592
2015-10-17,12458.62,1469.26,24548.36,18577.918119842354
2015-10-18,13022.53,1537.02,23094.79,6763.814693115496
2015-10-19,11928.19,1170.82,22788.13,9733.777819100203
2015-10-20,13250.25,1912.9,24262.39,15708.651029718705
2015-10-21,13883.61,3087.01,24425.87,6957.58812868836
2015-10-22,12610.41,809.42,23305.6,9879.678777005553
2015-10-23,12406.82,792.38,23986.55,1273.627356897025
2015-10-24,11563.55,-627.6,22277.67,10980.067858800963
2015-10-25,12091.11,1017.44,23039.64,16084.340450826192
2015-10-26,10979.85,409.49,22656.98,1936.2789038229346
2015-10-27,12306.36,1665.35,23669.0,8416.71387579044
2015-10-28,12965.72,2338.78,24737.26,27955.912398601227
2015-10-29,11740.09,922.89,22929.55,17505.798277865015
2015-10-30,11605.85,810.57,22971.44,12656.129765707225
2015-10-31,10852.57,-262.72,23204.17,7051.469690788346
2015-11-01,11489.78,144.97,21838.98,6144.30600020313
2015-11-02,10505.54,-824.24,21678.23,8093.364463249844
2015-11-03,11974.87,675.21,23529.64,1720.3386578241427
2015-11-04,12789.74,1781.78,24097.08,44945.34860537898
2015-11-05,11729.19,542.79,23926.7,1501.9076479524424
2015-11-06,11766.94,1033.44,22655.02,23540.28144810603
2015-11-07,11188.97,68.16,23167.7,10791.105423659807
2015-11-08,12001.74,948.82,22864.61,22040.08107949422
2015-11-09,11189.38,-556.05,22882.16,4810.244545886226
2015-11-10,12824.28,2452.79,23306.36,15674.26540552054
2015-11-11,13852.68,2616.77,25222.46,16785.14648955883
2015-11-12,12876.58,1898.91,23866.75,15083.18791424714
2015-11-13,13041.43,905.27,24157.39,3434.960829874952
2015-11-14,12572.65,1462.79,23864.67,8886.741735886008
2015-11-15,13475.13,2295.9,24053.51,19184.928031096963
2015-11-16,12731.01,2134.59,24248.23,17110.093059676274
2015-11-17,14412.37,3744.99,26032.01,8449.62763714513
2015-11-18,15406.38,3714.08,26507.16,19684.395917852904
2015-11-19,14488.66,3433.13,25509.95,14848.980464558234
2015-11-20,14631.65,3281.11,26628.86,17895.53581686589
2015-11-21,14119.25,3039.59,25929.78,4934.461730077711
2015-11-22,14957.91,3489.33,26087.7,25984.32264525425
2015-11-23,14130.85,3228.1,25591.52,23568.312956242204
2015-11-24,15712.72,4183.95,26689.28,16099.260329255154
2015-11-25,16592.33,6277.47,28197.5,26554.34215114641
2015-11-26,15714.23,4699.15,26921.09,11026.71122863465
2015-11-27,15553.42,4859.3,27225.91,3985.0271935070077
2015-11-28,14896.5,3744.5,26041.7,14916.570233688684
2015-11-29,15586.0,4049.36,26797.2,17729.33177746459
2015-11-30,14607.14,4346.05,26114.14,7213.166901915954
2015-12-01,16037.66,5611.17,27460.07,16185.75791634669
2015-12-02,16768.09,5775.14,28285.66,41755.63998438308
2015-12-03,15578.02,5071.78,27053.56,19190.583756239623
2015-12-04,15445.19,4450.01,25597.3,9379.20545068299
2015-12-05,14657.05,4011.94,25888.71,12541.015872102238
2015-12-06,15224.55,4531.4,26438.86,17688.881054484442
2015-12-07,14133.41,3738.38,24815.72,6095.650606633175
2015-12-08,15462.78,4122.21,26507.26,9121.517956177966
2015-12-09,16103.11,5445.36,26453.24,32294.576766024547
2015-12-10,14833.97,3872.32,25807.3,19364.832008061356
2015-12-11,14633.58,4205.22,26103.47,7930.322450514506
2015-12-12,13788.84,3464.39,24557.09,14706.701729058914
2015-12-13,14310.66,3736.79,25550.89,11539.381435572512
2015-12-14,13183.7,1659.81,24434.56,7847.828372768436
2015-12-15,14487.15,3636.62,25430.49,3748.1705931641
2015-12-16,15110.28,3849.0,25989.82,5658.128081211993
2015-12-17,13831.74,2292.56,25115.37,10503.314194289367
2015-12-18,13629.57,2984.83,24479.52,8075.427788668917
2015-12-19,12789.75,1461.53,23031.59,12804.170390366911
2015-12-20,13322.95,2508.23,24200.63,7784.840089962304
2015-12-21,12212.85,1350.16,23020.52,9773.750458039285
2015-12-22,13538.98,2191.23,24500.14,10486.679303578216
2015-12-23,14189.79,3680.75,25892.54,8997.184826432156
2015-12-24,12943.61,1982.19,23560.87,3483.2405222592593
2015-12-25,12654.33,2279.54,24623.82,18151.487899184518
2015-12-26,11981.46,348.27,23140.35,22042.312865050808
2015-12-27,12562.34,1110.47,22651.1,6668.926270411439
2015-12-28,11504.92,-203.42,23376.08,20581.341321659136
2015-12-29,12889.58,446.2,23625.13,22109.972949781502
2015-12-30,13604.44,2140.18,25151.16,8178.583682605453
2015-12-31,12427.74,1331.47,23206.42,2052.85136067322
2016-01-01,12270.64,1356.81,23604.84,17569.54482651492
2016-01-02,11622.21,160.45,23280.64,9728.288643986962
2016-01-03,12290.07,1807.7,24019.88,7054.74096177422
2016-01-04,11324.64,-575.68,21831.81,14719.475857723815
2016-01-05,12806.48,1283.05,23188.1,33179.50080178792
2016-01-06,13622.54,3430.46,24758.33,25284.06470176549
2016-01-07,12549.97,919.77,23101.58,9788.016426410719
2016-01-08,12567.29,2691.27,24088.29,4827.041009061772
2016-01-09,11958.39,909.2,23220.12,8300.02582435654
2016-01-10,12733.52,1770.16,24455.96,5876.519260655273
2016-01-11,11873.19,468.62,23699.56,21661.58043337543
2016-01-12,13457.02,2158.11,25703.84,14492.262495823585
2016-01-13,14369.75,3323.48,25893.36,3935.215943384164
2016-01-14,13386.61,2775.26,24610.79,15434.190227496274
2016-01-15,13484.92,2171.53,24957.23,2837.5106099236555
2016-01-16,12946.65,1711.46,23331.62,20824.933280858186
2016-01-17,13780.87,2141.38,24778.92,5295.203896693392
2016-01-18,12977.85,1675.35,24058.73,14420.570904339756
2016-01-19,14581.78,3264.75,25626.65,17910.972421351064
2016-01-20,15510.92,4436.31,27257.18,25235.363479928747
2016-01-21,14528.02,3172.31,25796.25,7208.257815141885
2016-01-22,14610.54,2804.72,26760.07,4865.010580063562
2016-01-23,14040.19,3677.24,24673.55,4922.758862640074
2016-01-24,14826.7,2920.44,25780.82,9620.881871357205
2016-01-25,13948.88,2747.23,24943.72,6071.7630130877005
2016-01-26,15487.63,4907.9,26245.0,2645.6426987881177
2016-01-27,16327.05,5134.96,27866.84,14634.89779933954
2016-01-28,15243.01,4437.3,26460.18,15143.237355115309
2016-01-29,15215.4,3679.99,26412.98,15258.124874009589
2016-01-30,14527.79,3642.22,25360.97,24478.625344341555
2016-01-31,15192.59,3531.9,27057.29,14044.565361323934
2016-02-01,14190.54,2923.3,24654.59,38308.37150553393
2016-02-02,15605.72,3482.89,26882.37,15738.62587552151
2016-02-03,16324.21,5074.17,27600.22,14959.346640132137
2016-02-04,15124.1,3888.35,26251.19,19868.493286030705
2016-02-05,14988.09,3020.54,26474.08,23080.803540319957
2016-02-06,14201.53,3198.75,25303.15,5785.650635197407
2016-02-07,14779.02,3694.58,25362.93,8374.118202094895
2016-02-08,13702.35,2314.13,24436.64,28033.123569847678
2016-02-09,15057.48,4045.63,26336.02,15124.714871653849
2016-02-10,15730.78,4410.89,27228.07,8938.268118789932
2016-02-11,14500.57,3959.32,26372.23,17593.12347140153
2016-02-12,14350.03,3530.4,25555.3,8645.376346634788
2016-02-13,13563.84,2905.82,24376.11,13228.003840251116
2016-02-14,14156.11,3792.52,24774.39,26939.901916776966
2016-02-15,13107.8,1847.78,24840.58,17279.2990910847
2016-02-16,14501.39,2481.95,25584.95,10161.957822076545
2016-02-17,15223.52,4312.97,26216.45,10209.407597541373
2016-02-18,14049.3,2497.75,24820.83,11633.064600485826
2016-02-19,13960.14,2339.2,25100.85,1453.1482712048978
2016-02-20,13238.03,1452.67,23446.66,24820.39879003358
2016-02-21,13894.94,2987.64,24561.69,11256.01419591684
2016-02-22,12908.0,2119.63,25191.01,18467.563739596317
2016-02-23,14360.66,2432.35,26073.29,7006.497644121133
2016-02-24,15134.2,4260.63,26719.02,5849.316609944783
2016-02-25,14002.47,3457.21,25516.67,7166.831892663405
2016-02-26,13945.71,2702.85,24149.54,9414.81932334002
2016-02-27,13244.27,2449.46,24448.27,8362.933695012212
2016-02-28,13909.56,2649.68,24807.88,2764.2335961418466
2016-02-29,12917.66,1883.83,23773.53,3877.9279640322143
2016-03-01,14352.63,3261.44,25027.77,21608.947502795087
2016-03-02,15095.61,4097.45,26822.61,22468.517129093256
2016-03-03,13921.02,2509.19,25308.61,33626.448656612854
2016-03-04,13810.84,3790.73,24381.74,22205.24067937969
2016-03-05,13046.75,1374.35,24218.19,15881.551880652914
2016-03-06,13642.44,2465.9,24662.52,10023.620831558657
2016-03-07,12575.75,1697.58,23741.6,16881.441832041713
2016-03-08,13933.87,2004.89,24804.39,14044.53028053289
2016-03-09,14600.06,3239.65,26098.95,24530.66068370207
2016-03-10,13351.24,2231.6,24584.46,19571.34964825428
2016-03-11,13172.59,1653.6,24208.32,6897.798774174542
2016-03-12,12348.11,559.53,23222.23,2182.524878005563
2016-03-13,12894.28,1382.47,23431.06,26069.466007918065
2016-03-14,11790.65,49.88,23073.73,3182.254113854744
2016-03-15,13127.01,1620.36,23654.43,12379.568311119529
2016-03-16,13787.6,2932.43,24421.47,4811.709016193513
2016-03-17,12550.24,1125.81,23908.55,13681.801362986604
2016-03-18,12401.25,1250.09,23547.09,4449.0810897943875
2016-03-19,11624.48,1128.02,22461.64,7223.553065598632
2016-03-20,12236.37,62.57,23185.85,10804.106962477976
2016-03-21,11215.08,-283.02,22020.66,13728.513815594826
2016-03-22,12649.71,1318.93,25071.58,7029.710788993787
2016-03-23,13422.13,781.57,24660.31,1266.5314745635146
2016-03-24,12307.71,1179.85,23952.49,3497.832772154526
2016-03-25,12290.62,1347.77,23515.73,23492.74346853621
2016-03-26,11651.49,402.2,21912.96,14076.119267288846
2016-03-27,12403.95,1801.11,24001.86,11918.484082882733
2016-03-28,11522.35,607.31,23132.9,5651.518834376084
2016-03-29,13093.13,1807.93,24106.32,11337.108863307636
2016-03-30,13994.32,3146.31,25246.28,6939.551626264249
2016-03-31,12997.91,2268.47,23994.6,10825.547795632308
2016-04-01,13085.6,1861.43,23830.99,22827.606187134123
2016-04-02,12535.08,1979.16,23198.87,13036.072100827112
2016-04-03,13358.05,2194.82,23432.92,22137.308406585453
2016-04-04,12526.51,1765.85,23875.08,14042.84677480929
2016-04-05,14126.25,2943.24,25423.04,22609.263375541686
2016-04-06,15034.02,4243.8,26732.81,6218.039874014988
2016-04-07,14021.35,3339.97,23901.41,15444.076338992434
2016-04-08,14070.84,2875.65,25149.31,18497.295151176095
2016-04-09,13460.83,1867.31,24186.31,3366.11032864032
2016-04-10,14204.85,3097.28,25280.69,12148.414064188122
2016-04-11,13276.44,2593.56,24085.46,10961.378553270304
2016-04-12,14764.57,3752.09,26259.11,23790.049947458345
2016-04-13,15548.37,4587.9,27262.24,27538.780784289054
2016-04-14,14402.43,4136.06,25020.47,27079.939711372605
2016-04-15,14313.33,2739.14,25260.75,12056.677887984308
2016-04-16,13562.78,2913.92,24239.15,8249.616275110362
2016-04-17,14168.38,3131.48,25917.38,5645.214727842841
2016-04-18,13106.82,1972.16,24734.3,8026.71618803146
2016-04-19,14471.3,2991.84,25761.45,11563.909934663798
2016-04-20,15143.74,3523.09,26099.93,38736.84026580435
2016-04-21,13901.5,2285.9,24687.5,4253.7694880560675
2016-04-22,13734.24,3408.3,25106.45,4646.853851889922
2016-04-23,12925.49,1882.13,25125.33,3694.7317738119987
2016-04-24,13494.73,2686.34,24930.66,15724.966193152963
2016-04-25,12419.17,2210.54,23295.09,28246.630546181867
2016-04-26,13793.06,3048.97,24913.79,19479.85115913947
2016-04-27,14497.57,3433.97,25944.87,5005.648406883878
2016-04-28,13309.0,1613.32,24620.37,723.2359676820175
2016-04-29,13216.09,2436.66,24728.57,11333.615572263767
2016-04-30,12500.08,1196.66,23810.86,4263.961985801084
2016-05-01,13178.32,2869.18,24108.99,9417.229830441456
2016-05-02,12224.55,709.02,23629.0,6676.772284348859
2016-05-03,13730.45,2292.81,24600.58,22130.13860983422
2016-05-04,14573.11,3454.82,25261.81,40463.576445095474
2016-05-05,13524.91,1655.25,25088.59,26343.638401388733
2016-05-06,13571.29,2857.3,24631.98,13120.436974180453
2016-05-07,12989.44,1863.69,24432.38,5994.294876896932
2016-05-08,13793.4,3157.61,25332.5,3430.4169743970083
2016-05-09,12953.0,764.7,24527.47,34697.8773269293
2016-05-10,14557.53,3703.86,26116.64,8365.4388366391
2016-05-11,15480.86,3908.58,26601.22,11946.191313798121
2016-05-12,14492.94,3457.97,25272.33,5554.711504592531
2016-05-13,14578.03,3014.51,25849.81,1339.0804003120275
2016-05-14,14011.93,2970.17,25500.64,7999.605556266595
2016-05-15,14808.49,3659.06,25744.83,20617.65577884543
2016-05-16,13937.17,2440.75,24573.95,10814.048588580448
2016-05-17,15488.63,4055.46,26146.64,17173.17048765047
2016-05-18,16337.51,5350.01,27596.35,17812.88703432527
2016-05-19,15255.43,5110.2,26686.95,32901.16688193758
2016-05-20,15229.47,4666.42,26230.92,15149.009289562824
2016-05-21,14537.9,3311.38,25663.92,13191.692378143136
2016-05-22,15198.07,3893.57,25902.17,41294.7542648001
2016-05-23,14182.27,2886.95,26103.93,5828.775561055987
2016-05-24,15585.44,4159.56,26119.95,13595.00387882409
2016-05-25,16285.32,5401.07,27855.36,22802.019135366183
2016-05-26,15056.93,3983.59,26159.84,35325.57836086604
2016-05-27,14891.34,2811.72,26062.92,12955.196202580573
2016-05-28,14069.82,2244.24,25169.47,28584.290007153428
2016-05-29,14613.0,4528.25,25393.43,6751.3087031241175
2016-05-30,13457.19,1871.96,25412.48,11159.89795599458
2016-05-31,14814.42,4113.03,25866.88,17779.457976440463
2016-06-01,15449.3,4445.56,26320.98,18004.188641260604
2016-06-02,14175.84,2632.39,24609.2,12205.324408048637
2016-06-03,13986.16,2754.39,25305.19,22813.444900755592
2016-06-04,13161.23,1732.41,24733.11,19875.328690598995
2016-06-05,13721.45,2986.24,24571.26,11024.521826721164
2016-06-06,12639.59,2262.02,24513.41,14066.132200109989
2016-06-07,14012.5,2467.09,24851.15,19448.61515595937
2016-06-08,14716.48,3576.34,25578.84,3839.575658182787
2016-06-09,13524.82,2159.64,24496.9,16103.713402253077
2016-06-10,13427.41,2886.43,25181.92,20805.526416815857
2016-06-11,12701.97,892.6,23591.0,10181.546640126067
2016-06-12,13366.17,3247.94,24466.67,27316.758433505143
2016-06-13,12389.13,906.56,22986.24,3112.806120516485
2016-06-14,13865.31,2341.13,24626.14,5808.83501305894
2016-06-15,14667.55,4342.7,25655.21,549.4191851386448
2016-06-16,13566.21,2319.53,24907.69,5483.842472696862
2016-06-17,13549.26,2750.58,24596.8,10224.20974188658
2016-06-18,12892.07,977.84,23675.65,15118.340226830518
2016-06-19,13611.0,2649.93,25473.7,6700.755463836547
2016-06-20,12673.5,1314.1,23545.8,2596.400179950509
2016-06-21,14174.02,3943.09,25673.55,14189.841911769276
2016-06-22,14984.68,3697.18,26727.67,21065.024526660047
2016-06-23,13875.96,2635.18,25840.47,18182.92591988175
2016-06-24,13837.11,2559.57,25329.38,6853.044199982659
2016-06-25,13144.48,2443.56,24354.4,8704.23355547531
2016-06-26,13816.4,2651.98,25178.6,7442.535615371293
2016-06-27,12821.85,1768.61,24540.66,24830.638627663167
2016-06-28,14258.22,2397.79,25445.6,20510.142713706933
2016-06-29,14999.62,3739.29,26028.51,17267.312866643413
2016-06-30,13818.94,2820.48,24659.49,38931.85044422996
2016-07-01,13708.62,2460.32,24859.44,16040.277163868524
2016-07-02,12947.33,1033.45,24408.93,13011.456856303641
2016-07-03,13556.26,2145.0,24670.2,14376.66919758611
2016-07-04,12380.8,1692.19,23052.78,12993.546969073162
2016-07-05,13897.15,2765.05,25308.12,12170.75530407796
2016-07-06,14604.49,3627.18,25119.47,8932.182578854865
2016-07-07,13402.15,2233.93,24232.03,7465.804161223854
2016-07-08,13283.94,1981.38,24239.26,22254.437108615624
2016-07-09,12528.62,594.32,23111.59,22534.84515305821
2016-07-10,13157.64,2415.21,24436.72,7018.486627643021
2016-07-11,12140.68,822.72,23326.92,1439.548957720277
2016-07-12,13577.54,2288.91,25069.11,8300.19252760299
2016-07-13,14341.51,3986.04,25623.89,20656.53105932584
2016-07-14,13204.54,1632.62,24348.66,14119.131867215745
2016-07-15,13158.75,1315.33,24673.39,4665.247541833641
2016-07-16,12480.23,893.88,23678.53,52343.783581859956
2016-07-17,13188.14,2144.16,24500.59,19612.99196705113
2016-07-18,12248.94,1392.22,23320.8,6148.7105033598355
2016-07-19,13760.36,2657.99,25238.08,38065.136116958456
2016-07-20,14592.5,3241.41,25059.0,22936.986043813744
2016-07-21,13514.54,2113.84,24380.45,8764.270514313399
2016-07-22,13516.81,2328.33,24331.8,20060.164343679553
2016-07-23,12873.06,1153.86,23815.84,8557.592286340248
2016-07-24,13601.16,2650.67,24568.87,6398.638496851995
2016-07-25,12665.81,1113.01,23934.41,12175.595546940494
2016-07-26,14164.65,3540.04,25207.39,3998.742251405421
2016-07-27,14966.97,3993.25,26227.27,548.6650947247886
2016-07-28,13841.97,2852.73,25059.18,13246.267087356944
2016-07-29,13781.2,2545.5,25517.54,11675.213866626087
2016-07-30,13059.36,2272.25,25062.91,25810.547973829212
2016-07-31,13696.32,2778.08,25781.02,6635.644184501517
2016-08-01,12658.39,557.98,22987.25,10608.65068001796
2016-08-02,14046.38,2586.01,25076.77,11421.187879913121
2016-08-03,14731.81,3477.87,26444.38,14337.374696981475
2016-08-04,13486.69,1783.53,24282.59,15955.159631672463
2016-08-05,13306.22,1658.53,25040.06,4231.90935879109
2016-08-06,12467.99,1188.6,23183.89,9884.721353003057
2016-08-07,12995.38,1303.46,23702.19,10451.123464304954
2016-08-08,11857.25,1635.18,22835.66,14330.926243095293
2016-08-09,13157.91,2638.22,24169.87,5159.279745461293
2016-08-10,13770.92,2749.36,25200.68,13796.099752913844
2016-08-11,12470.27,811.3,23909.26,16275.304239090685
2016-08-12,12253.41,1857.21,23014.97,27524.162257306136
2016-08-13,11398.94,259.19,22759.52,32564.31926964446
2016-08-14,11931.35,-82.46,23223.26,15143.885948986917
2016-08-15,10819.21,-867.02,22054.81,3060.49681114722
2016-08-16,12167.23,1086.56,22602.53,3085.7143951095436
2016-08-17,12847.57,2135.36,24991.5,11989.08351868044
2016-08-18,11632.66,579.46,22835.66,10188.446921013601
2016-08-19,11518.59,1068.83,22873.63,26750.888536978167
2016-08-20,10781.39,-662.43,22337.95,17661.730605546294
2016-08-21,11443.22,-875.07,22713.03,9654.41007458298
2016-08-22,10469.18,164.5,21746.06,1671.5454959986478
2016-08-23,11961.49,1050.53,22818.47,7690.016953335067
2016-08-24,12788.48,1991.31,23786.96,9887.555478529805
2016-08-25,11718.98,814.28,22757.1,9231.08648815255
2016-08-26,11746.29,947.69,22712.64,8189.459937645013
2016-08-27,11142.94,300.98,22783.1,10584.571127526808
2016-08-28,11928.49,700.12,22681.04,14845.175596398625
2016-08-29,11064.85,455.84,21954.81,18846.744104590798
2016-08-30,12652.62,1705.27,22973.34,5856.063119432985
2016-08-31,13557.74,2220.66,24345.74,7461.467107651036
2016-09-01,12547.44,1346.53,23354.1,9546.986381940056
2016-09-02,12614.6,2126.3,23264.65,6177.879415486118
2016-09-03,12031.14,1059.66,22302.36,3791.0172704360625
2016-09-04,12817.08,2117.29,24961.27,15292.203477705774
2016-09-05,11880.7,566.01,23108.71,14727.882521084022
2016-09-06,13485.98,2522.43,24092.36,17822.5961636727
2016-09-07,14338.44,3367.56,25123.34,34680.61685962091
2016-09-08,13260.99,2620.24,24792.88,10093.621588262544
2016-09-09,13249.41,1473.65,24116.18,29344.875629922095
2016-09-10,12577.96,1316.61,23719.63,28671.17116805929
2016-09-11,13269.85,2448.18,23859.9,18621.785220815156
2016-09-12,12289.63,1388.7,22881.51,9152.420634300453
2016-09-13,13743.41,3423.42,26007.55,8602.83575502357
2016-09-14,14500.61,3279.36,25309.93,13376.383921785713
2016-09-15,13332.83,2474.52,23831.12,4367.803827437228
2016-09-16,13238.87,2061.34,24122.52,25397.082724597556
2016-09-17,12494.91,2156.7,24354.98,10248.213676925152
2016-09-18,13126.36,2583.38,24081.64,23610.17034937721
2016-09-19,12098.69,759.89,22878.47,16384.332969028375
2016-09-20,13519.67,2839.62,24262.46,3332.640393094661
2016-09-21,14258.71,2001.45,26138.88,18210.692266426562
2016-09-22,13087.21,1969.79,23343.74,13462.555598789711
2016-09-23,13004.01,1637.35,23829.8,3486.1329365348806
2016-09-24,12284.07,1136.99,23087.23,14773.667212677956
2016-09-25,12951.74,1448.0,23857.96,8194.999570138229
2016-09-26,11970.25,1381.54,22504.25,6023.058369942941
2016-09-27,13445.95,1408.72,24208.6,9450.71367205612
2016-09-28,14245.37,3306.76,25754.83,12733.66613761107
2016-09-29,13137.17,2724.28,24320.82,1243.6651364995491
2016-09-30,13117.99,2344.79,25289.79,2551.579358788722
2016-10-01,12459.83,1442.71,23779.27,24327.134300771722
2016-10-02,13184.75,1578.35,24343.75,4627.835739474279
2016-10-03,12252.94,1190.51,23180.0,13684.850022476945
2016-10-04,13769.17,2717.97,25144.22,6647.053308357807
2016-10-05,14597.43,2974.89,24534.75,24630.70662745665
2016-10-06,13504.53,1738.4,24795.43,12643.983376789689
2016-10-07,13486.39,2694.32,24155.26,2383.9642917932865
2016-10-08,12813.88,1759.11,23551.86,11855.831787890187
2016-10-09,13509.11,2707.81,24676.9,15884.286433078945
2016-10-10,12474.58,1154.79,24085.32,20007.799922781953
2016-10-11,13988.44,3077.22,24591.5,19031.87807897057
2016-10-12,14743.29,2986.25,25449.48,14427.790656585647
2016-10-13,13564.64,2896.52,24053.89,26388.781213165366
2016-10-14,13450.94,2080.96,24518.46,19790.162227268833
2016-10-15,12675.15,2082.05,23591.34,18600.31096360192
2016-10-16,13262.38,1283.57,24931.45,14493.44122013926
2016-10-17,12174.86,1190.46,24359.4,17558.017487582158
2016-10-18,13522.44,1596.83,24594.31,37846.92823973899
2016-10-19,14172.34,2582.9,24981.9,17743.283958991608
2016-10-20,12895.61,2212.23,23738.13,9069.878129578314
2016-10-21,12694.19,1248.14,22902.96,6251.346074706362
2016-10-22,11843.55,864.39,23148.87,50174.41755160229
2016-10-23,12371.66,1949.2,23851.27,7454.914900383711
2016-10-24,11242.46,832.16,23012.44,2933.164335632081
2016-10-25,12568.28,1280.35,24240.76,32132.28493385093
2016-10-26,13217.16,2647.19,24117.53,12599.922326222646
2016-10-27,11960.84,1773.85,23395.55,11266.189976135858
2016-10-28,11802.08,997.11,22863.52,5648.777869149522
2016-10-29,11015.9,-235.41,21961.0,5299.283252407327
2016-10-30,11629.89,1338.66,23652.4,2718.8824446648264
2016-10-31,10606.29,-900.55,21759.84,9924.666766682036
2016-11-01,12056.4,949.07,22961.69,9111.452968576988
2016-11-02,12845.59,1238.63,24252.4,7052.490412408258
2016-11-03,11742.87,811.18,23048.02,3735.5215387484686
2016-11-04,11748.61,728.28,22915.49,17988.63534553207
2016-11-05,11134.44,-517.71,22419.31,1019.926785105388
2016-11-06,11924.97,1018.42,23260.1,11606.888848763072
2016-11-07,11078.5,-646.76,21704.06,4539.222650546697
2016-11-08,12703.59,2042.85,24317.22,18381.171379388095
2016-11-09,13661.7,2623.24,25167.93,8421.429182799458
2016-11-10,12718.37,1451.56,24245.15,8862.271720964138
2016-11-11,12929.93,1283.48,24251.61,6435.409861248276
2016-11-12,12389.53,1458.47,23832.35,15867.409141310407
2016-11-13,13295.13,1482.92,24013.27,9600.630935584035
2016-11-14,12544.01,1122.4,23608.93,10488.466240056889
2016-11-15,14243.81,3587.3,24843.64,2801.050039489678
2016-11-16,15254.33,4491.19,25901.2,20934.090856320727
2016-11-17,14340.23,3009.07,24345.95,11312.490121388473
2016-11-18,14499.66,2775.6,25598.26,8021.862984729133
2016-11-19,14001.18,3154.73,24958.65,16364.091539067515
2016-11-20,14868.36,3499.29,26374.17,5777.5015820447425
2016-11-21,14057.6,1593.16,24989.75,15284.236083617985
2016-11-22,15678.73,4137.33,27163.95,3342.020027093846
2016-11-23,16592.85,5964.78,27749.91,20317.652554715634
2016-11-24,15734.8,4705.93,26595.71,28001.38467150692
2016-11-25,15600.76,3614.73,26004.28,7223.715064083453
2016-11-26,14966.25,3267.58,25712.67,7258.54115327255
2016-11-27,15689.51,4915.6,26880.15,22578.585574079185
2016-11-28,14728.98,3175.31,26295.61,22859.137121215823
2016-11-29,16197.75,5836.92,26548.03,12627.96519403219
2016-11-30,16958.85,6300.5,28345.86,10827.868298235499
2016-12-01,15780.94,4458.14,27386.62,25548.214786817
2016-12-02,15667.64,3969.51,27338.17,4422.787899109573
2016-12-03,14891.26,3426.12,24994.58,9420.162174380452
2016-12-04,15480.3,4758.81,26679.89,16150.160734503072
2016-12-05,14394.05,2963.28,25665.02,12550.729687994264
2016-12-06,15747.37,4235.68,25665.61,6272.644858764169
2016-12-07,16403.55,5750.53,27344.56,27467.679895795627
2016-12-08,15131.59,3831.82,26489.44,16312.222827722218
2016-12-09,14935.84,3759.67,25716.94,41956.696548633736
2016-12-10,14088.36,3600.6,25590.52,6984.617839667332
2016-12-11,14617.78,2678.75,26089.92,20433.510956188013
2016-12-12,13482.52,2925.01,24564.78,13083.241711593342
2016-12-13,14797.61,3081.57,25885.51,18721.88557096199
2016-12-14,15425.2,4042.82,26462.72,9384.42686690901
2016-12-15,14133.4,1862.0,25107.28,6544.292686533541
2016-12-16,13926.37,3218.25,25484.03,6306.875254792889
2016-12-17,13075.18,1352.08,24430.81,15601.032189389203
2016-12-18,13608.13,2172.32,24448.31,12286.023136160522
2016-12-19,12482.55,1832.24,22752.31,7437.69403418817
2016-12-20,13813.65,2161.82,24729.7,13700.770508188412
2016-12-21,14462.66,3254.84,25183.5,2125.4869637547763
2016-12-22,13197.2,1551.66,23816.5,15314.22624849839
2016-12-23,13021.74,1252.01,24077.66,6751.981160025217
2016-12-24,12207.0,1668.4,23715.58,14176.190476039748
2016-12-25,12655.95,1614.87,23192.04,7925.840932630401
2016-12-26,11756.04,395.24,21621.31,20954.052796050975
2016-12-27,13085.9,2267.11,24536.88,4718.418059261499
2016-12-28,13792.45,1683.12,25019.56,23708.420037009404
2016-12-29,12589.84,1363.36,22876.48,17043.27326972217
2016-12-30,12483.19,1472.13,23814.89,19145.859239664784
2016-12-31,11743.02,651.12,22206.41,17766.206158141053
2017-01-01,12329.82,1185.27,24054.29,14163.410026461723
2017-01-02,11393.61,1015.53,22656.68,10488.36499757091
2017-01-03,12880.54,1311.22,23467.47,11598.053461528063
2017-01-04,13683.87,3226.17,25526.63,38389.32738583624
2017-01-05,12582.05,2154.09,23300.12,2658.2272501992175
2017-01-06,12579.9,1159.99,23074.6,26165.040696918673
2017-01-07,11946.63,771.94,23383.62,305.54380753867656
2017-01-08,12710.38,1717.06,23642.0,5565.521880417785
2017-01-09,11825.58,969.88,22447.48,18549.50426380517
2017-01-10,13407.85,1484.49,25450.92,15884.910826613766
2017-01-11,14314.99,2631.91,25699.63,12644.180222336163
2017-01-12,13311.84,1778.33,24734.7,4360.694844860711
2017-01-13,13402.0,2630.31,24574.21,12354.773548694384
2017-01-14,12852.66,2168.42,23597.85,14766.076119165118
2017-01-15,13690.62,2730.06,24672.86,15108.418640505895
2017-01-16,12880.01,2037.53,25075.24,9306.187021773212
2017-01-17,14500.42,3751.88,25985.28,23890.164327986313
2017-01-18,15443.18,4654.63,26627.81,20404.040838682005
2017-01-19,14460.18,3987.82,25109.42,11254.2103789307
2017-01-20,14554.8,2916.18,25779.2,4608.11286662629
2017-01-21,13993.53,2325.67,25380.13,6361.214032164371
2017-01-22,14803.42,3906.12,25557.81,7371.73132970293
2017-01-23,13936.59,2892.63,25196.65,6575.703290065634
2017-01-24,15509.22,4133.98,26386.31,30150.667108814716
2017-01-25,16377.79,5094.55,28124.34,7657.05041808902
2017-01-26,15307.03,4074.34,26110.7,14632.467483535165
2017-01-27,15302.43,3979.46,27395.11,20991.71009069076
2017-01-28,14632.07,3604.92,26349.87,21983.64699198187
2017-01-29,15325.47,4379.46,27373.78,20451.175695513393
2017-01-30,14336.53,3175.15,25251.36,10194.027998345156
2017-01-31,15784.58,4555.76,27374.92,13823.18049607578
2017-02-01,16528.08,4837.22,27238.1,10493.179596618877
2017-02-02,15334.09,4552.23,26707.13,24552.087685090148
2017-02-03,15211.05,4531.5,26159.46,28765.39911836454
2017-02-04,14429.13,3559.34,25935.7,7155.775283889295
2017-02-05,15020.35,3602.54,25803.87,7924.160667669321
2017-02-06,13940.03,3428.16,24598.76,8195.245991046015
2017-02-07,15309.81,4130.47,26705.0,11642.769264373248
2017-02-08,15988.95,5574.39,26909.21,9191.92784865732
2017-02-09,14745.22,4012.5,25553.42,8916.660304654783
2017-02-10,14588.1,3588.46,25610.14,13678.057199692945
2017-02-11,13787.56,2678.51,25036.16,23077.72139590842
2017-02-12,14375.66,3016.05,26356.16,2411.335206389749
2017-02-13,13306.49,2482.96,24334.81,4712.7082143380385
2017-02-14,14701.27,3297.89,25995.09,14442.068777398546
2017-02-15,15417.25,4063.77,26283.53,15876.855992190562
2017-02-16,14220.22,3028.13,25346.12,14898.57536004906
2017-02-17,14118.09,3231.81,24916.26,5880.341973093216
2017-02-18,13378.27,2364.12,25131.51,11505.074493387578
2017-02-19,14030.76,3348.81,25592.64,8214.667775445901
2017-02-20,13027.55,2605.15,24818.12,11321.080690507064
2017-02-21,14485.41,4323.79,26153.58,12742.527560393632
2017-02-22,15261.32,5032.45,26858.65,14693.686474953629
2017-02-23,14117.71,3194.52,25592.42,5957.492470916459
2017-02-24,14060.97,3529.46,24919.21,5142.343109380729
2017-02-25,13356.45,1799.45,24440.01,10196.85696418961
2017-02-26,14033.07,2838.53,25475.8,17188.857498736397
2017-02-27,13040.37,1785.04,25098.89,17968.29099727441
2017-02-28,14497.84,4790.1,25414.34,11122.239509274943
2017-03-01,15259.09,3847.91,26364.15,13743.904381262644
2017-03-02,14087.48,2900.89,24808.06,7627.935331881859
2017-03-03,13990.6,2806.27,25231.29,31857.808643494853
2017-03-04,13234.67,2352.43,24107.12,11298.308546198123
2017-03-05,13850.44,1178.21,25302.17,15343.370843001383
2017-03-06,12788.87,2236.69,24439.55,1612.5951940479888
2017-03-07,14172.31,2961.41,25054.47,10500.218143736816
2017-03-08,14856.3,3514.66,25283.81,9716.205154214247
2017-03-09,13606.61,2595.59,24920.48,8410.444965271194
2017-03-10,13434.05,2159.17,25323.84,18585.055379322148
2017-03-11,12607.27,1552.11,23996.54,1224.2154657506603
2017-03-12,13160.05,2414.8,24175.35,7038.425243310947
2017-03-13,12045.35,1503.57,23147.88,12726.841904805246
2017-03-14,13388.51,2563.4,23648.92,31827.984529418725
2017-03-15,14046.54,2577.25,25371.07,13996.406946035317
2017-03-16,12786.65,1360.13,23282.42,11977.937628040623
2017-03-17,12621.38,1517.37,23808.83,25743.256260461356
2017-03-18,11819.84,-42.21,22472.03,13386.134887024902
2017-03-19,12416.41,496.32,23457.63,44533.263589485614
2017-03-20,11363.3,-33.5,23424.71,17389.177802689122
2017-03-21,12785.78,508.09,23607.69,26157.30021294235
2017-03-22,13539.07,2996.75,24903.05,7115.797092845085
2017-03-23,12388.43,1568.48,23582.37,10019.378509116497
2017-03-24,12344.71,1834.59,24629.89,35211.27830730471
2017-03-25,11674.17,283.63,22807.81,5491.08175556801
2017-03-26,12408.63,1042.01,23235.57,22451.697973175364
2017-03-27,11496.67,341.11,22333.16,12809.37588562154
2017-03-28,13060.94,1263.45,24141.31,11368.56893542015
2017-03-29,13952.77,2640.43,25384.27,19183.360291100154
2017-03-30,12933.84,1795.88,24150.6,13159.664091774483
2017-03-31,13012.26,2020.82,24271.35,12428.520407730695
2017-04-01,12450.96,843.43,24189.21,7033.465355968814
2017-04-02,13279.33,2162.32,24586.25,4480.420754639739
2017-04-03,12443.03,1085.0,23812.09,22681.99086367232
2017-04-04,14063.44,2535.52,25584.97,36084.92819269136
2017-04-05,14989.89,3943.85,26313.85,10922.850417564474
2017-04-06,13982.93,2944.1,25283.37,17374.045928329193
2017-04-07,14050.8,2938.06,25303.64,10884.113356850272
2017-04-08,13456.37,2940.59,24659.52,6002.117679691884
2017-04-09,14230.18,3239.77,24909.52,26654.84028536621
2017-04-10,13318.75,2138.84,24933.2,3562.86142716581
2017-04-11,14846.09,3753.77,26236.56,10663.985214969713
2017-04-12,15663.38,3379.32,27714.4,12997.227585261402
2017-04-13,14533.85,3761.86,25760.33,19895.247038426824
2017-04-14,14469.4,3494.92,25837.57,19821.726979605388
2017-04-15,13736.1,2724.37,25016.28,7738.872970503229
2017-04-16,14368.49,2925.07,25131.49,5372.683784053351
2017-04-17,13316.33,1928.33,24325.37,14470.520290000044
2017-04-18,14708.02,3525.3,25493.07,16865.8177904178
2017-04-19,15397.85,4079.73,26785.54,3824.487853920157
2017-04-20,14152.24,3200.97,25518.52,5802.094622036314
2017-04-21,13986.69,3463.89,24845.35,17336.47233642576
2017-04-22,13169.69,1781.67,24719.58,15076.379863641805
2017-04-23,13738.37,2512.72,24649.9,14471.94132090574
2017-04-24,12643.69,1548.12,23465.85,5057.801775979076
2017-04-25,14015.89,2976.9,25143.67,8206.964920146775
2017-04-26,14709.3,4302.47,26579.73,26452.83837996526
2017-04-27,13490.02,2045.41,24400.77,14666.278270308294
2017-04-28,13373.39,1934.23,24299.27,6483.320498689263
2017-04-29,12626.28,2271.49,23751.02,19486.252354981294
2017-04-30,13284.29,2031.85,24314.61,35291.34115452266
2017-05-01,12295.5,676.02,23124.21,16803.5890657521
2017-05-02,13787.98,1815.18,25302.65,26077.775897614425
2017-05-03,14612.29,3553.66,24721.48,1734.2061208159594
2017-05-04,13530.82,2615.03,25122.93,10141.305238972114
2017-05-05,13555.68,2574.04,24712.77,19269.266031026164
2017-05-06,12949.65,1451.41,24126.03,8618.3814483126
2017-05-07,13744.84,2218.28,24199.7,8008.468168877542
2017-05-08,12885.11,1928.66,23886.31,11654.759870966145
2017-05-09,14495.71,4085.76,25694.82,4152.285507906893
2017-05-10,15423.49,3815.71,25554.66,18884.191381291257
2017-05-11,14427.8,2888.83,24460.91,22965.080241778367
2017-05-12,14518.9,3063.74,24863.7,14102.9834302327
2017-05-13,13957.42,3081.86,25156.35,23950.955101489817
2017-05-14,14774.57,3056.75,26224.9,42921.45134469253
2017-05-15,13913.01,3162.59,23923.87,1476.2847735046867
2017-05-16,15498.64,4360.51,27096.57,2653.4032506300878
2017-05-17,16378.35,6022.97,28092.06,3155.0230740081056
2017-05-18,15312.46,3672.27,25786.88,14855.284361990329
2017-05-19,15313.43,3791.39,27018.63,10130.324921529675
2017-05-20,14643.88,3177.21,25631.09,18433.72144878741
2017-05-21,15338.03,4130.02,26246.81,13987.078804229986
2017-05-22,14341.1,2091.78,25528.43,21869.067469659793
2017-05-23,15783.04,3880.04,27076.36,4981.199600795089
2017-05-24,16513.78,5247.87,28200.83,5789.663176263499
2017-05-25,15297.06,3790.22,26453.71,4625.390524744082
2017-05-26,15149.54,4231.4,26473.89,9711.731760855426
2017-05-27,14337.07,3363.46,25123.06,7525.703076013068
2017-05-28,14897.59,3565.7,26085.63,4290.51813789909
2017-05-29,13740.48,2055.17,24038.85,12444.792241197627
2017-05-30,15114.36,4604.07,27067.72,4451.857195065451
2017-05-31,15755.62,4277.22,26753.3,6907.757125261123
2017-06-01,14468.06,3497.03,25738.77,33239.33365166351
2017-06-02,14270.07,3392.2,26095.49,10768.336612957433
2017-06-03,13427.94,2672.82,25635.99,18995.987081023653
2017-06-04,13980.04,3520.87,25457.7,9142.447069858688
2017-06-05,12873.25,1649.74,23268.23,9598.153954870357
2017-06-06,14240.6,2187.61,25635.9,28976.972024118793
2017-06-07,14931.75,3044.25,25530.2,28492.063196673014
2017-06-08,13709.9,2776.83,25158.53,5887.909804807801
2017-06-09,13591.57,2792.98,25638.87,7127.441167606258
2017-06-10,12840.08,1974.59,23806.88,6743.105697825686
2017-06-11,13491.21,1740.9,23754.38,5117.0070554969125
2017-06-12,12488.25,1337.5,22940.04,14074.328408250476
2017-06-13,13961.77,2953.08,24607.15,24642.0535419939
2017-06-14,14757.76,3867.46,25365.13,6681.848044718547
2017-06-15,13636.2,2803.76,24676.4,5639.9988135938565
2017-06-16,13611.33,2785.85,24187.92,16662.045675151636
2017-06-17,12943.63,2069.86,24111.48,16120.460653370363
2017-06-18,13667.07,1979.15,24853.28,22530.004862368205
2017-06-19,12722.64,1512.84,23767.65,14314.086167266762
2017-06-20,14240.29,2762.22,25862.11,27708.338658141132
2017-06-21,15064.69,3392.5,26277.07,11608.323551896507
2017-06-22,13955.28,3651.5,24555.77,7942.23758657317
2017-06-23,13926.99,2976.22,24376.45,14217.005392258068
2017-06-24,13240.71,2014.86,24535.28,34927.05624802255
2017-06-25,13931.87,2381.23,24936.02,23299.713579869374
2017-06-26,12942.54,1729.17,23626.34,11095.866096877628
2017-06-27,14405.31,3567.74,25450.78,16105.692292828775
2017-06-28,15166.54,3522.64,26856.77,9994.530754079236
2017-06-29,13987.96,2634.73,25000.15,1625.9379915966335
2017-06-30,13887.62,3067.45,25666.86,26692.582038380588
2017-07-01,13128.8,2069.09,24843.96,9592.296444849671
2017-07-02,13749.96,2533.74,24953.49,332.8595791224576
2017-07-03,12695.22,1692.45,24429.34,4700.987638702852
2017-07-04,13973.75,2813.86,24412.97,7417.2250533485685
2017-07-05,14812.91,3180.53,25945.47,14877.021663894266
2017-07-06,13596.63,2830.39,25271.99,15692.325731915602
2017-07-07,13471.32,2619.74,24539.48,10212.416813770455
2017-07-08,12700.95,1627.3,24070.11,10061.22063182557
2017-07-09,13324.82,1430.49,25086.82,20166.781680198234
2017-07-10,12286.6,364.33,23949.42,14799.414389312014
2017-07-11,13722.15,2520.94,24146.15,4044.6494787305114
2017-07-12,14478.02,2942.35,26201.82,9763.568303653175
2017-07-13,13315.96,2153.46,23823.47,11231.601999575072
2017-07-14,13254.67,2119.21,23822.49,23977.90656579549
2017-07-15,12555.74,1986.35,24463.04,25070.52236121589
2017-07-16,13256.43,2693.58,24398.92,942.4400972421709
2017-07-17,12297.28,1053.36,24057.53,6839.229904102836
2017-07-18,13812.16,2590.72,24872.42,16186.847444442314
2017-07-19,14644.29,3401.63,25225.67,13138.39444401893
2017-07-20,13552.5,1992.16,24143.1,6557.939108802126
2017-07-21,13553.38,1610.71,24269.06,11214.94052561643
2017-07-22,12905.83,1875.11,24578.93,15210.770045135516
2017-07-23,13645.33,2883.54,24229.38,36378.54015650079
2017-07-24,12710.14,1627.6,23603.83,7846.531565117473
2017-07-25,14233.45,3192.1,24845.09,4011.269255001282
2017-07-26,15057.08,4381.47,26544.7,4454.6709216223735
2017-07-27,13939.21,3181.41,25604.0,4812.452381800858
2017-07-28,13897.03,2363.35,25559.9,11687.919936515202
2017-07-29,13189.77,1727.68,24845.77,9785.191407313347
2017-07-30,13854.34,2218.75,25320.8,4321.368216753781
2017-07-31,12830.11,2236.82,23597.8,24842.464680136927
2017-08-01,14252.95,2959.64,25457.52,3141.4493288386093
2017-08-02,14966.57,4679.46,26335.99,15823.149586707723
2017-08-03,13731.69,2914.18,24614.32,14340.32736435644
2017-08-04,13568.97,2329.1,24585.79,26814.526420852922
2017-08-05,12740.48,1418.71,23784.78,6819.229699766086
2017-08-06,13286.71,1977.28,24556.48,2647.9560994807475
2017-08-07,12149.73,714.34,22638.94,20439.247647807446
2017-08-08,13469.19,1971.16,25168.2,7376.9596731828715
2017-08-09,14091.21,2313.67,24264.98,28276.91612676877
2017-08-10,12778.95,1815.67,24150.12,9572.294692083738
2017-08-11,12555.87,2033.41,24301.86,12723.246595155066
2017-08-12,11685.65,501.1,22906.77,2821.1165903975266
2017-08-13,12210.53,1167.27,23671.82,4677.078581155907
2017-08-14,11072.98,-39.26,21898.64,19087.60997670108
2017-08-15,12413.72,1364.57,24262.65,501.6809439904184
2017-08-16,13078.17,1751.74,23503.86,25353.674041430117
2017-08-17,11828.55,371.34,23306.13,1389.1612781235303
2017-08-18,11687.58,878.48,23121.42,5088.984748070683
2017-08-19,10916.88,-1025.71,21372.59,16673.423272370106
2017-08-20,11556.85,1007.31,22692.71,11208.797685118307
2017-08-21,10546.83,135.91,21936.22,11337.38252798995
2017-08-22,12025.33,1531.98,22496.23,22553.365365429632
2017-08-23,12834.06,1351.44,24623.09,25610.51381228206
2017-08-24,11731.74,1175.21,22366.4,8212.102770205991
2017-08-25,11738.18,143.86,23091.49,9068.618517276806
2017-08-26,11111.36,-1162.17,22194.46,18220.286171639993
2017-08-27,11888.74,60.74,22890.29,2120.1161521170247
2017-08-28,11006.11,417.23,22432.14,18584.320951935908
2017-08-29,12599.91,877.74,23431.04,25304.324823697985
2017-08-30,13508.88,1967.27,24334.92,6175.875605151794
2017-08-31,12489.54,988.21,23293.57,13591.967720322522
2017-09-01,12560.67,1176.91,23485.51,15786.402930187505
2017-09-02,11978.93,1371.85,23571.67,5345.646493338048
2017-09-03,12781.61,1550.12,24921.32,15498.360752226714
2017-09-04,11849.72,397.25,22753.51,3139.8432853719237
2017-09-05,13483.88,1620.79,24350.02,15917.377022973546
2017-09-06,14360.45,3101.07,26194.31,1522.8318840341453
2017-09-07,13291.58,1886.9,24103.32,18905.52746732954
2017-09-08,13298.52,2613.17,24573.29,14885.15815192549
2017-09-09,12639.96,1733.94,23820.86,10323.200673970583
2017-09-10,13356.16,1559.76,24528.82,23592.529030088255
2017-09-11,12384.75,-45.58,23967.98,15282.576085953115
2017-09-12,13867.03,2992.43,25016.48,5075.239057754372
2017-09-13,14644.79,3855.23,26669.35,5261.655619853177
2017-09-14,13478.61,2053.42,23748.42,19473.070721722557
2017-09-15,13393.04,2404.26,24346.13,5972.805145657514
2017-09-16,12649.1,940.67,23201.23,15739.507307339127
2017-09-17,13289.69,1590.31,24724.65,7237.420669811598
2017-09-18,12253.89,1516.92,23711.79,12059.619359475148
2017-09-19,13685.26,2706.52,24751.09,26639.545196491483
2017-09-20,14426.16,2899.19,25673.9,11257.164498563578
2017-09-21,13237.6,1725.37,24320.91,28275.47549627757
2017-09-22,13144.77,1604.35,23592.68,13141.485515809709
2017-09-23,12408.04,1734.22,24317.72,5390.491142784349
2017-09-24,13069.82,2399.83,24163.66,18506.12780484358
2017-09-25,12067.41,9.38,22635.33,3827.8459283259735
2017-09-26,13543.38,2034.87,24437.25,6121.118569876073
2017-09-27,14337.53,2554.3,25196.9,21874.067507123407
2017-09-28,13208.33,2578.99,24551.27,17758.874829860415
2017-09-29,13178.96,1987.51,23818.04,26379.7039510238
2017-09-30,12506.82,2024.66,24481.5,27433.06737971794
2017-10-01,13231.95,1645.68,23695.56,19742.83998382143
2017-10-02,12288.45,1338.92,23177.4,8361.733942872881
2017-10-03,13817.01,2679.4,24518.73,8109.40460391771
2017-10-04,14654.53,3532.49,25628.34,16941.168056343184
2017-10-05,13557.2,2527.16,24817.8,14039.292263983398
2017-10-06,13546.91,2757.51,25488.07,9933.635352628979
2017-10-07,12879.45,1560.29,23855.15,7466.757619172032
2017-10-08,13594.23,2755.71,25551.11,14715.016518960681
2017-10-09,12566.6,1018.11,23463.21,3910.950651309585
2017-10-10,14111.48,3168.8,23968.2,3731.6278900477128
2017-10-11,14892.29,3544.22,26264.28,11722.247226704685
2017-10-12,13723.86,2654.31,25176.77,10207.048606765067
2017-10-13,13630.12,2457.39,25248.73,6576.063397658492
2017-10-14,12868.46,1489.76,23879.88,20840.990213464203
2017-10-15,13480.98,2173.7,24653.49,38051.333414553956
2017-10-16,12402.95,811.72,24196.27,41308.5466220208
2017-10-17,13779.34,2603.94,25373.86,2642.830459497835
2017-10-18,14449.6,2771.48,25371.74,5248.186968184305
2017-10-19,13173.66,1292.55,25024.38,4955.698721705637
2017-10-20,12979.07,1609.59,24236.41,4014.2918700519845
2017-10-21,12125.98,517.64,24169.14,4994.552840058034
2017-10-22,12659.7,2197.62,23399.62,3273.8318371271034
2017-10-23,11517.63,529.36,22529.05,5391.686903605527
2017-10-24,12847.73,953.6,23735.6,6792.903633362741
2017-10-25,13490.86,2962.7,24159.09,8283.976048958926
2017-10-26,12208.22,769.72,23083.53,8946.145400824604
2017-10-27,12028.85,2064.71,23722.26,20219.99562756938
2017-10-28,11213.12,-268.44,22572.06,4371.793067506479
2017-10-29,11806.61,983.82,23107.19,8153.10041136668
2017-10-30,10745.65,-565.52,21585.81,2494.743897046322
2017-10-31,12177.78,1000.92,23241.66,5924.633656269766
2017-11-01,12941.74,1788.78,24356.42,8794.186054012001
2017-11-02,11796.46,762.83,23403.16,6165.952585373407
2017-11-03,11769.04,1060.81,23459.62,7893.6897932303345
2017-11-04,11116.71,-400.16,21212.11,22802.986991868347
2017-11-05,11882.33,1074.14,23739.12,19459.985426249394
2017-11-06,10998.41,145.39,21464.83,15435.446387581962
2017-11-07,12609.73,1288.64,23615.81,5466.655368832998
2017-11-08,13551.04,1726.89,24337.02,5953.742397502784
2017-11-09,12577.64,966.37,23815.38,18911.59108830787
2017-11-10,12738.72,1208.49,24129.2,17371.799642139
2017-11-11,12272.33,939.91,23454.55,24191.806749698142
2017-11-12,13116.63,2379.08,24305.04,21623.459292202566
2017-11-13,12353.09,740.18,23199.56,12417.384196593859
2017-11-14,14066.07,2624.27,25609.91,5029.394566251235
2017-11-15,15088.06,4072.02,25922.35,41533.36536516201
2017-11-16,14172.89,3297.52,25115.85,39094.09669765581
2017-11-17,14344.52,2924.17,24577.6,20192.617260335188
2017-11-18,13856.17,3641.98,25003.08,15849.878946672043
2017-11-19,14748.67,3009.44,25305.0,8587.711479225842
2017-11-20,13951.58,2706.14,25552.58,16655.92540656873
2017-11-21,15609.97,4580.99,26990.45,25342.45102390534
2017-11-22,16557.23,5478.85,27719.63,8599.12291108709
2017-11-23,15718.47,4394.63,27029.14,39021.31348048468
2017-11-24,15611.05,4380.21,27331.67,4286.037760076368
2017-11-25,14999.39,3981.95,27108.28,32644.223076895345
2017-11-26,15757.38,4439.39,27317.96,25967.759054474573
2017-11-27,14816.64,4870.06,26205.08,11760.031778767448
2017-11-28,16325.52,5295.49,28363.72,8052.007483755837
2017-11-29,17119.5,5993.82,28106.58,8744.979534332666
2017-11-30,15956.25,5416.36,27376.52,8288.544224229332
2017-12-01,15865.19,4477.1,27071.79,9032.703489277557
2017-12-02,15103.44,4227.92,25695.98,7530.341981209651
2017-12-03,15716.93,4492.03,27392.24,9701.768935751254
2017-12-04,14638.51,2978.99,25629.76,12899.633409420681
2017-12-05,16018.67,5319.57,26887.96,7643.375869931916
2017-12-06,16693.5,5801.18,27157.49,19395.0526669121
2017-12-07,15421.36,4470.43,27138.03,15351.409786930895
2017-12-08,15232.75,4486.31,25544.28,18008.620433893957
2017-12-09,14384.83,3491.05,25824.3,12377.15040246589
2017-12-10,14923.96,4120.36,26149.36,35859.69383511231
2017-12-11,13782.32,3687.0,25442.42,20436.070889633993
2017-12-12,15110.74,3504.56,25557.98,7486.493657919662
2017-12-13,15744.33,4624.75,27031.62,2949.1366307333656
2017-12-14,14440.63,4113.86,25789.86,18507.244556652215
2017-12-15,14229.98,4025.59,25229.33,14311.93214327294
2017-12-16,13368.54,2001.97,23901.91,22738.321690153338
2017-12-17,13902.27,2837.52,24331.96,11792.18074543087
2017-12-18,12762.2,1688.45,24038.0,1079.527585860778
2017-12-19,14099.24,3138.55,25278.42,9656.661563620688
2017-12-20,14747.41,3874.29,25872.57,19928.75760499027
2017-12-21,13463.64,1925.23,25462.25,15024.64726633964
2017-12-22,13278.43,2525.41,25248.51,20504.182386730114
2017-12-23,12447.46,1036.47,23581.64,26734.117987282032
2017-12-24,13016.94,2194.53,24167.76,10108.424539922056
2017-12-25,11790.6,354.36,22172.18,2431.952540212619
2017-12-26,13300.45,2352.27,23970.95,21246.891921693605
2017-12-27,13999.82,2563.5,24650.4,20397.384032334503
2017-12-28,12772.38,1609.65,23420.25,3714.16586514306
2017-12-29,12649.32,1242.4,23137.3,5879.643497649393
2017-12-30,11886.18,1539.14,22521.39,13478.055449489948
2017-12-31,12529.63,1574.79,22915.79,1912.1372428308678
2018-01-01,11440.59,753.77,22500.87,
2018-01-02,12978.55,1434.51,24504.36,
2018-01-03,13769.18,2759.58,24337.06,
2018-01-04,12637.83,2400.18,24015.95,
2018-01-05,12615.59,1615.11,24035.21,
2018-01-06,11956.96,1319.98,23321.6,
2018-01-07,12707.95,2178.36,22991.72,
2018-01-08,11796.9,-35.05,22995.88,
2018-01-09,13375.45,1916.13,24500.67,
2018-01-10,14274.48,3556.34,25798.58,
2018-01-11,13248.47,1846.9,25138.44,
2018-01-12,13327.32,2071.51,23352.33,
2018-01-13,12763.5,2207.27,23300.46,
2018-01-14,13601.62,2095.07,23290.51,
2018-01-15,12779.68,2218.62,23721.93,
2018-01-16,14412.79,3065.71,25671.57,
2018-01-17,15365.43,3855.62,27736.19,
2018-01-18,14378.7,3489.37,25760.33,
2018-01-19,14481.97,3233.13,25735.25,
2018-01-20,13926.59,2824.42,25491.53,
2018-01-21,14757.04,3543.36,26335.85,
2018-01-22,13898.76,2885.5,24787.55,
2018-01-23,15503.31,3944.92,26994.71,
2018-01-24,16399.6,5199.03,27594.59,
2018-01-25,15341.27,4106.59,27154.51,
2018-01-26,15359.4,3444.82,26582.0,
2018-01-27,14706.6,3779.86,25489.66,
2018-01-28,15429.51,4445.44,26252.14,
2018-01-29,14455.16,2725.58,25682.79,
2018-01-30,15938.08,4750.89,26776.79,
2018-01-31,16709.08,6527.37,27620.92,
2018-02-01,15524.12,4439.32,27355.1,
2018-02-02,15417.34,3965.55,26690.67,
2018-02-03,14643.58,3383.75,26302.63,
2018-02-04,15252.22,4215.93,26453.41,
2018-02-05,14172.02,3887.56,25348.99,
2018-02-06,15560.21,4770.99,27184.08,
2018-02-07,16248.81,4805.44,28028.07,
2018-02-08,14994.98,4075.37,25986.56,
2018-02-09,14834.37,3938.91,26072.97,
2018-02-10,14022.19,2587.03,25323.35,
2018-02-11,14608.36,3607.12,26469.82,
2018-02-12,13520.94,2319.31,23949.36,
2018-02-13,14917.21,2995.64,25850.86,
2018-02-14,15627.65,4713.74,26585.23,
2018-02-15,14407.8,3116.35,25253.21,
2018-02-16,14292.1,2993.78,24874.56,
2018-02-17,13533.44,2993.5,24440.1,
2018-02-18,14179.85,2604.92,25401.27,
2018-02-19,13157.36,2360.34,24467.75,
2018-02-20,14618.79,3423.07,24818.35,
2018-02-21,15394.24,4183.36,26712.63,
2018-02-22,14235.72,2643.14,25314.4,
2018-02-23,14175.86,3524.38,25392.68,
2018-02-24,13465.12,3272.01,24400.35,
2018-02-25,14150.03,3061.71,25020.76,
2018-02-26,13153.69,2150.72,23867.71,
2018-02-27,14631.13,2844.37,26394.16,
2018-02-28,15408.52,4045.94,26133.02,
2018-03-01,14238.23,2411.13,25315.66,
2018-03-02,14153.54,2977.79,24735.04,
2018-03-03,13405.23,2156.49,24778.55,
2018-03-04,14041.19,3393.92,24737.83,
2018-03-05,12985.48,2601.75,24140.47,
2018-03-06,14395.61,3269.83,25961.32,
2018-03-07,15099.39,3916.67,26192.56,
2018-03-08,13851.4,2686.36,24487.88,
2018-03-09,13688.0,2593.22,24363.52,
2018-03-10,12862.43,1624.19,23614.06,
2018-03-11,13425.66,2480.76,24091.8,
2018-03-12,12303.96,1216.07,23517.57,
2018-03-13,13658.13,2724.57,24431.41,
2018-03-14,14317.82,2531.26,25180.27,
2018-03-15,13039.51,2645.52,24166.39,
2018-03-16,12861.83,1599.94,23534.85,
2018-03-17,12039.04,1086.25,23614.1,
2018-03-18,12623.36,1705.92,24468.45,
2018-03-19,11540.94,-276.9,22498.6,
2018-03-20,12953.14,1512.9,24808.76,
2018-03-21,13688.46,2712.41,25113.56,
2018-03-22,12502.01,1540.77,23800.5,
2018-03-23,12431.28,1045.69,23920.45,
2018-03-24,11728.17,958.31,23008.06,
2018-03-25,12442.7,479.08,23396.54,
2018-03-26,11497.7,-221.75,22835.31,
2018-03-27,13052.11,1079.76,23267.25,
2018-03-28,13930.59,2174.78,24550.49,
2018-03-29,12884.67,1620.55,24579.41,
2018-03-30,12948.93,1984.67,24121.42,
2018-03-31,12371.67,1586.22,24495.98,
